Artikelnummer,Beschreibung,BearbeitungszeitMin
011030 1000,Werks-Kalibr. Mess/Tiefenmessschieber,13.6000
011030 200,Werks-Kalibr. Mess/Tiefenmessschieber,4.7000
011030 2000,Werks-Kalibr. Mess/Tiefenmessschieber,25.0000
011030 300,Werks-Kalibr. Mess/Tiefenmessschieber,5.9000
011030 3000,Werks-Kalibr. Mess/Tiefenmessschieber,25.0000
011030 500,Werks-Kalibr. Mess/Tiefenmessschieber,8.5000
011035 1000,Werks-Kalibr. Mess/Tiefenmessschieber,15.6000
011035 200,Werks-Kalibr. Mess/Tiefenmessschieber,5.5000
011035 2000,Werks-Kalibr. Mess/Tiefenmessschieber,25.0000
011035 300,Werks-Kalibr. Mess/Tiefenmessschieber,6.2000
011035 3000,Werks-Kalibr. Mess/Tiefenmessschieber,26.2000
011035 500,Werks-Kalibr. Mess/Tiefenmessschieber,10.2000
011040 2,Werks-Kalibr. Messzeugsatz 2tlg.,10.5000
011040 3,Werks-Kalibr. Messzeugsatz 3tlg.,15.0000
011040 6,Werks-Kalibr. Messzeugsatz 6tlg.,29.8000
011050 1000,DAkkS Kalibrierung Mess/Tiefenmessschieb,17.3000
011050 200,DAkkS Kalibrierung Mess/Tiefenmessschieb,6.7000
011050 300,DAkkS Kalibrierung Mess/Tiefenmessschieb,7.2000
011050 500,DAkkS Kalibrierung Mess/Tiefenmessschieb,13.6000
011055 1000,Akkr.Kal.(DAkkS) Mess/Tiefenmess-,22.0000
011055 200,Akkr.Kal.(DAkkS) Mess/Tiefenmess-,6.6000
011055 300,Akkr.Kal.(DAkkS) Mess/Tiefenmess-,7.7000
011055 500,Akkr.Kal.(DAkkS) Mess/Tiefenmess-,9.9000
011070 0-100,Werks-Kalibr. Bügelmessschraubensatz,21.6000
011070 0-150,Werks-Kalibr. Bügelmessschraubensatz,32.4000
011070 0-50,Werks-Kalibr. Bügelmessschraubensatz,9.6000
011070 100-200,Werks-Kalibr. Bügelmessschraubensatz,23.6000
011070 150-300,Werks-Kalibr. Bügelmessschraubensatz,43.9000
011145,Werks-Kalibr. Einstellnormal für,17.0000
011180,Werks-Kalibr. Verzahnungslehrring,30.0000
011185,Werks-Kalibr. Verzahnungslehrring,30.0000
011190,Werks-Kalibr. Verzahnungslehrdorn,23.0000
011195,Werks-Kalibr. Verzahnungslehrdorn,30.0000
011200 1000,Werks-Kalibr. Haken-Tiefenmessschieber,11.8000
011200 1500,Werks-Kalibr. Haken-Tiefenmessschieber,13.6000
011200 200,Werks-Kalibr. Haken-Tiefenmessschieber,7.9000
011200 2000,Werks-Kalibr. Haken-Tiefenmessschieber,15.7000
011200 300,Werks-Kalibr. Haken-Tiefenmessschieber,7.9000
011200 500,Werks-Kalibr. Haken-Tiefenmessschieber,11.8000
011205 1000,Werks-Kalibr. Haken-Tiefenmessschieber,11.8000
011205 1500,Werks-Kalibr. Haken-Tiefenmessschieber,15.0000
011205 200,Werks-Kalibr. Haken-Tiefenmessschieber,5.0000
011205 300,Werks-Kalibr. Haken-Tiefenmessschieber,8.0000
011205 500,Werks-Kalibr. Haken-Tiefenmessschieber,12.0000
011210 0-150,Werks-Kalibr. Bügelmessschraubensatz,18.6000
011210 100-200,Werks-Kalibr. Bügelmessschraubensatz,14.6000
011210 150-300,Werks-Kalibr. Bügelmessschraubensatz,21.1000
011210 200-300,Werks-Kalibr. Bügelmessschraubensatz,17.1000
011210 25-150,Werks-Kalibr. Bügelmessschraubensatz,16.6000
011220 100-500,Werks-Kalibr. 2Pkt.Innenmessschraubensat,26.0000
011220 100-900,Werks-Kalibr. 2Pkt.Innenmessschraubensat,35.0000
011220 50-1000,Werks-Kalibr. 2Pkt.Innenmessschraubensat,49.0000
011220 50-150,Werks-Kalibr. 2Pkt.Innenmessschraubensat,21.0000
011220 50-1500,Werks-Kalibr. 2Pkt.Innenmessschraubensat,59.0000
011220 50-300,Werks-Kalibr. 2Pkt.Innenmessschraubensat,34.0000
011220 50-500,Werks-Kalibr. 2Pkt.Innenmessschraubensat,39.0000
011240 10-20,Werks-Kalibr. 3Pkt-Innenmessschraubensat,19.8000
011240 100-150,Werks-Kalibr. 3Pkt-Innenmessschraubensat,27.3000
011240 100-200,Werks-Kalibr. 3Pkt-Innenmessschraubensat,45.1000
011240 12-20,Werks-Kalibr. 3Pkt-Innenmessschraubensat,15.4000
011240 150-200,Werks-Kalibr. 3Pkt-Innenmessschraubensat,27.8000
011240 2-6,Werks-Kalibr. 3Pkt-Innenmessschraubensat,30.8000
011240 20-50,Werks-Kalibr. 3Pkt-Innenmessschraubensat,20.7000
011240 50-100,Werks-Kalibr. 3Pkt-Innenmessschraubensat,40.0000
011240 6-10,Werks-Kalibr. 3Pkt-Innenmessschraubensat,10.0000
011240 6-12,Werks-Kalibr. 3Pkt-Innenmessschraubensat,25.3000
011250 1000,DAkkS Kalibrierung Haken/Tiefenmessschie,17.3000
011250 200,DAkkS Kalibrierung Haken/Tiefenmessschie,11.8000
011250 300,DAkkS Kalibrierung Haken/Tiefenmessschie,11.8000
011250 500,DAkkS Kalibrierung Haken/Tiefenmessschie,13.6000
011255 1000,Akkr.Kal.(DAkkS) Haken/Tiefenmess-,17.3000
011255 200,Akkr.Kal.(DAkkS) Haken/Tiefenmess-,9.9000
011255 300,Akkr.Kal.(DAkkS) Haken/Tiefenmess-,13.2000
011255 500,Akkr.Kal.(DAkkS) Haken/Tiefenmess-,13.6000
011300 1000,Werks-Kalibr. Universal-Messschieber,15.7000
011300 1500,Werks-Kalibr. Universal-Messschieber,15.7000
011300 300,Werks-Kalibr. Universal-Messschieber,15.7000
011300 600,Werks-Kalibr. Universal-Messschieber,17.3000
011305 300,Werks-Kalibr. Universal-Messschieber,15.7000
011305 600,Werks-Kalibr. Universal-Messschieber,17.3000
011310,DAkkS Kalibrierung Dickenschnellmesser,12.0000
011315,Akkr.Kal.(DAkkS) Dickenschnellmesser,12.0000
011320,DAkkS Kalibrierung Innen/A-Schnelltaster,10.0000
011325,Akkr.Kal.(DAkkS) Außen/Innen-Schnell-,10.0000
011330 M3-M12,Werks-Kalibr. Gewindegrenzlehrdornsatz,21.7000
011340 M3-M12,Werks-Kalibr. Gewindelehrringsatz,42.0000
011355 WM,Akkr.Kal.(DAkkS) Ersatzschiene,15.0000
011370 20,Werks-Kalibr. Zug-und Druckkraftmesser,34.0000
011375 20,Werks-Kalibr. Zug-und Druckkraftmesser,34.0000
011380 3-12,Werks-Kalibr. Grenzlehrdorn-Satz,18.2000
011400,Werks-Kalibr. 3-D-Taster,10.0000
011405,Werks-Kalibr. 3-D-Taster,15.0000
011410,Werks-Kalibr. Einstellnormal,17.0000
011415,Werks-Kalibr. Einstellnormal,17.0000
011420,Werks-Kalibr. Nulleinstellgerät,20.0000
011425,Werks-Kalibr. Nulleinstellgerät,20.0000
011430 20,Werks-Kalibr. Gewicht >100mg-20Kg,11.5000
011435 20,Werks-Kalibr. Gewicht >100mg-20Kg,11.5000
011440,Werks-Kalibr. Schichtdickenmessgerät,21.6000
011445,Werks-Kalibr. Schichtdickenmessgerät,20.5000
011450,Werks-Kalibr. Schichtdickennormal/Folie,4.0000
011455,Werks-Kalibr. Schichtdickennormal/Folie,4.0000
011460,Werks-Kalibr. Rauheitsmessgerät,60.0000
011465,Werks-Kalibr. Rauheitsmessgerät,60.0000
011470,Werks-Kalibr. Ersatzschiene für Winkelm.,9.4000
011475,Werks-Kalibr. Ersatzschiene für Winkel-,9.4000
012050 100,Werks-Kalibr. Bügelmessschraube,10.0000
012050 1000,Werks-Kalibr. Bügelmessschraube,28.0000
012050 1500,Werks-Kalibr. Bügelmessschraube,40.0000
012050 200,Werks-Kalibr. Bügelmessschraube,12.0000
012050 25,Werks-Kalibr. Bügelmessschraube,7.0000
012050 300,Werks-Kalibr. Bügelmessschraube,15.0000
012050 400,Werks-Kalibr. Bügelmessschraube,20.0000
012050 600,Werks-Kalibr. Bügelmessschraube,25.0000
012050 800,Werks-Kalibr. Bügelmessschraube,25.0000
012055 100,Werks-Kalibr. Bügelmessschraube,8.5000
012055 1000,Werks-Kalibr. Bügelmessschraube,30.0000
012055 1500,Werks-Kalibr. Bügelmessschraube,40.0000
012055 200,Werks-Kalibr. Bügelmessschraube,11.0000
012055 25,Werks-Kalibr. Bügelmessschraube,7.0000
012055 2500,Werks-Kalibr. Bügelmessschraube,40.0000
012055 300,Werks-Kalibr. Bügelmessschraube,15.0000
012055 400,Werks-Kalibr. Bügelmessschraube,20.0000
012055 600,Werks-Kalibr. Bügelmessschraube,25.0000
012055 800,Werks-Kalibr. Bügelmessschraube,25.0000
012060 100,DAkkS Kalibrierung Bügelmessschraube,10.0000
012065 100,Akkr.Kal.(DAkkS) Bügelmessschraube,10.0000
012065 300,Akkr.Kal.(DAkkS) Bügelmessschraube,15.0000
012065 600,Akkr.Kal.(DAkkS) Bügelmessschraube,25.0000
012070,Werks-Kalibr. Messkraftprüfvorrichtung,10.0000
012075,Werks-Kalibr. Messkraftprüfvorrichtung,10.0000
012095,Akkr.Kal.(DAkkS) Messambosse für,10.0000
012100,Werks-Kalibr. Messamboss,5.0000
012105,Werks-Kalibr. Messamboss,8.0000
012110 100,Werks-Kalibr. Prüfmaß,2.1000
012110 1000,Werks-Kalibr. Prüfmaß,2.5000
012110 300,Werks-Kalibr. Prüfmaß,3.5000
012110 500,Werks-Kalibr. Prüfmaß,5.7000
012115 100,Werks-Kalibr. Prüfmaß für BMS,4.4000
012115 1000,Werks-Kalibr. Prüfmaß für BMS,11.4000
012115 2500,Werks-Kalibr. Prüfmaß für BMS,16.0000
012115 300,Werks-Kalibr. Prüfmaß für BMS,5.4000
012115 500,Werks-Kalibr. Prüfmaß für BMS,6.4000
012240 200,Werks-Kalibr. Feinzeigermessschraube,20.5000
012240 25,Werks-Kalibr. Feinzeigermessschraube,10.0000
012245 100,Werks-Kalibr. Feinzeigermessschraube,15.1000
012245 200,Werks-Kalibr. Feinzeigermessschraube,18.5000
012245 25,Werks-Kalibr. Feinzeigermessschraube,15.0000
012380 100,Werks-Kalibr. Einstellmaß für Gewinde-,15.0000
012380 200,Werks-Kalibr. Einstellmaß für Gewinde-,15.0000
012380 300,Werks-Kalibr. Einstellmaß für Gewinde-,15.0000
012380 400,Werks-Kalibr. Einstellmaß für Gewinde-,15.0000
012385 100,Werks-Kalibr. Einstellmaß für Gewinde-,11.0000
012385 200,Werks-Kalibr. Einstellmaß für Gewinde-,15.0000
012385 300,Werks-Kalibr. Einstellmaß für Gewinde-,15.0000
012385 400,Werks-Kalibr. Einstellmaß für Gewinde-,15.0000
012430,Werks-Kalibr. Kimme- und Kegeleinsatz,15.0000
012435,Werks-Kalibr. Kimme- und Kegeleinsatz,15.0000
012455,Aufpreis Messschrauben-Spindelweg >25mm,7.0000
012500 25,Werks-Kalibr. Tiefen-Messschraube,10.0000
012505 25,Werks-Kalibr. Tiefen-Messschraube,12.8000
012560 200,Werks-Kalibr. Verlängerung für,2.5000
012560 300,Werks-Kalibr. Verlängerung für,10.5000
012565 200,Werks-Kalibr. Verlängerung für,4.0000
012565 300,Werks-Kalibr. Verlängerung für,3.5000
012565 400,Werks-Kalibr. Verlängerung für,4.0000
012570 25,Akkr. Kalibr. Tiefen-Messschraube,20.0000
012575 25,Akkr.Kal.(DAkkS) Tiefen-Messschraube,10.0000
012580 MS,Werks-Kalibr. Messbrücke f. Messschieber,4.4000
012580 MU,Werks-Kalibr. Messbrücke für Messuhr,4.0000
012585 MS,Werks-Kalibr. Messbrücke f. Messschieber,4.3000
012585 MU,Werks-Kalibr. Messbrücke für Messuhr,7.6000
012590 100,Akkr. Kalibr. Schnabel- und Doppel-,12.5000
012595 100,Akkr.Kal.(DAkkS) Schnabel- und Doppel-,13.0000
012595 50,Akkr.Kal.(DAkkS) Schnabel- und Doppel-,14.0000
012600 100,Werks-Kalibr. Einbaumessschraube,15.0000
012600 25,Werks-Kalibr. Einbaumessschraube,10.0000
012605 100,Werks-Kalibr. Einbaumessschraube,16.7000
012605 25,Werks-Kalibr. Einbaumessschraube,15.0000
012610 300,Akkr. Kalibr. Verlängerung,10.0000
012615 300,Akkr.Kal.(DAkkS) Verl. für Tiefen-,5.0000
012620 100,Akkr. Kalibr. Feinzeigerrachenlehre,20.0000
012625 100,Akkr.Kal.(DAkkS) Feinzeigerrachenlehre,20.0000
012630 100,Akkr. Kalibr. Feinzeigermessschraube,25.0000
012635 100,Akkr.Kal.(DAkkS) Feinzeigermessschraube,11.1000
012635 25,Akkr.Kal.(DAkkS) Feinzeigermessschraube,11.0000
012700 100,Werks-Kalibr. Schnabel-u.Doppelschnabel-,18.0000
012700 200,Werks-Kalibr. Schnabel-u.Doppelschnabel-,17.0000
012700 50,Werks-Kalibr. Schnabel-u.Doppelschnabel-,10.0000
012700 75,Werks-Kalibr. Schnabel-u.Doppelschnabel-,10.0000
012705 100,Werks-Kalibr. Schnabel-u.Doppelschnabel-,12.0000
012705 200,Werks-Kalibr. Schnabel-u.Doppelschnabel-,17.0000
012705 50,Werks-Kalibr. Schnabel-u.Doppelschnabel-,11.0000
012705 75,Werks-Kalibr. Schnabel-u.Doppelschnabel-,12.0000
012710 200,DAkkS-Kalibrierung 2Pkt.Innenmess-,10.0000
012715 200,Akkr.Kal.(DAkkS) 2-Pkt. Innenmessschr.,5.0000
012715 950,Akkr.Kal.(DAkkS) 2-Pkt. Innenmessschr.,5.0000
012725,Akkr.Kal.(DAkkS) Verl. für 2-Pkt.-,5.0000
012730 100,Akkr. Kalibr. Prüfmaß,6.0000
012735 100,Akkr.Kal.(DAkkS) Prüfmaß,6.0000
012735 1000,Akkr.Kal.(DAkkS) Prüfmaß,6.0000
012735 900,Akkr.Kal.(DAkkS) Prüfmaß,6.0000
012750 100,Werks-Kalibr. 2Pkt.Innenmessschraube,15.0000
012750 200,Werks-Kalibr. 2Pkt.Innenmessschraube,15.0000
012750 2000,Werks-Kalibr. 2Pkt.Innenmessschraube,47.7000
012750 600,Werks-Kalibr. 2Pkt.Innenmessschraube,25.0000
012755 100,Werks-Kalibr. 2-Pkt. Innenmessschraube,13.0000
012755 1000,Werks-Kalibr. 2Pkt.Innenmessschraube,28.0000
012755 1500,Werks-Kalibr. 2-Pkt. Innenmessschraube,20.0000
012755 200,Werks-Kalibr. 2-Pkt. Innenmessschraube,15.0000
012755 2500,Werks-Kalibr. 2-Pkt. Innenmessschraube,32.0000
012755 400,Werks-Kalibr. 2-Pkt. Innenmessschraube,20.0000
012755 600,Werks-Kalibr. 2-Pkt. Innenmessschraube,20.0000
012760 100,Werks-Kalibr. Verlängerung für,10.0000
012760 1000,Werks-Kalibr. Verlängerung für,5.0000
012760 300,Werks-Kalibr. Verlängerung für,14.0000
012760 500,Werks-Kalibr. Verlängerung für,17.0000
012765 100,Werks-Kalibr. Verlängerung für,7.7000
012765 1000,Werks-Kalibr. Verlängerung für,13.0000
012765 1500,Werks-Kalibr. Verlängerung für,15.0000
012765 300,Werks-Kalibr. Verlängerung für,10.5000
012765 500,Werks-Kalibr. Verlängerung für,8.8000
012800,Werks-Kalibr. I-Kantentaster/Fasenmess-,15.0000
012805,Werks-Kalibr. I-Kantentaster/Fasenmess-,10.0000
012900 100,Werks-Kalibr. 3Pkt.Innenmessschraube,8.3000
012900 20,Werks-Kalibr. 3Pkt.Innenmessschraube,7.0000
012900 200,Werks-Kalibr. 3Pkt.Innenmessschraube,18.3000
012900 300,Werks-Kalibr. 3Pkt.Innenmessschraube,15.0000
012900 50,Werks-Kalibr. 3Pkt.Innenmessschraube,7.0000
012905 100,Werks-Kalibr. 3-Pkt.Innenmessschraube,10.5000
012905 150,Werks-Kalibr. 3-Pkt.Innenmessschraube,14.2000
012905 20,Werks-Kalibr. 3Pkt.Innenmessschraube,7.0000
012905 200,Werks-Kalibr. 3-Pkt.Innenmessschraube,19.5000
012905 300,Werks-Kalibr. 3-Pkt.Innenmessschraube,20.5000
012905 400,Werks-Kalibr. 3Pkt.Innenmessschraube,15.0000
012905 50,Werks-Kalibr. 3-Pkt.Innenmessschraube,8.0000
012910 200,DAkkS Kalibrierung Innenmessschraube 3Pk,15.0000
012915 200,Akkr.Kal.(DAkkS) 3-Pkt. Innenmessschr.,15.0000
012920,DAkkS Kalibrierung Innenfeinmessgerät A,12.0000
012925,Akkr.Kal.(DAkkS) Innenfeinmessgerät A,15.0000
012930 60,DAkkS Kalibrier Innenfeinmessgerät B+C,10.0000
012935,Akkr.Kal.(DAkkS) Innenfeinmessgerät,10.0000
012945,DAkkS Kalibrierung Innenfeinmessgerät C,12.0000
013000,Werks-Kalibr. Präzisions-Zentriergerät,45.0000
013005,Werks-Kalibr. Präzisions-Zentriergerät,20.0000
013210 10,Werks-Kalibr. Messuhr,8.0000
013210 100,Werks-Kalibr. Messuhr,15.0000
"013210 12,5",Werks-Kalibr. Messuhr,10.0000
013210 3,Werks-Kalibr. Messuhr,8.0000
013210 30,Werks-Kalibr. Messuhr,11.6000
013210 5,Werks-Kalibr. Messuhr,8.0000
013210 50,Werks-Kalibr. Messuhr,13.3000
013215 1,Werks-Kalibr. Messuhr digital,10.0000
013215 10,Werks-Kalibr. Messuhr digital,9.2000
013215 100,Werks-Kalibr. Messuhr digital,16.0000
"013215 12,5",Werks-Kalibr. Messuhr digital,9.2000
013215 3,Werks-Kalibr. Messuhr digital,11.2000
013215 30,Werks-Kalibr. Messuhr digital,10.0000
013215 5,Werks-Kalibr. Messuhr digital,12.2000
013215 50,Werks-Kalibr. Messuhr digital,10.4000
013220 1,Werks-Kalibr. Messuhr analog,7.0000
013220 3,Werks-Kalibr. Messuhr analog,5.0000
013220 5,Werks-Kalibr. Messuhr analog,6.0000
013221 10,Werks-Kalibr. Messuhr analog,25.0000
013221 100,Werks-Kalibr. Messuhr analog,13.7000
013225 1,Werks-Kalibr. Messuhr analog,12.0000
013225 10,Werks-Kalibr. Messuhr analog,10.0000
013225 100,Werks-Kalibr. Messuhr analog,20.0000
013225 3,Werks-Kalibr. Messuhr analog,5.0000
013225 30,Werks-Kalibr. Messuhr analog,12.5000
013225 5,Werks-Kalibr. Messuhr analog,23.0000
013225 50,Werks-Kalibr. Messuhr analog,15.0000
013235 10,Akkr.Kal.(DAkkS) Messuhr analog,15.0000
013235 100,Akkr.Kal.(DAkkS) Messuhr analog,30.0000
013235 30,Akkr.Kal.(DAkkS) Messuhr analog,17.5000
013235 50,Akkr.Kal.(DAkkS) Messuhr analog,20.0000
013250 10,DAkkS Kalibrierung Messuhr,9.7000
013250 100,DAkkS Kalibrierung Messuhr,30.0000
"013250 12,5",DAkkS Kalibrierung Messuhr,11.0000
013250 3,DAkkS Kalibrierung Messuhr,5.0000
013250 30,DAkkS Kalibrierung Messuhr,16.0000
013250 5,DAkkS Kalibrierung Messuhr,12.0000
013250 50,DAkkS Kalibrierung Messuhr,20.0000
013255 10,DAkkS Kalibrierung Messuhr,9.7000
013255 100,Akkr.Kal.(DAkkS) Messuhr digital,25.0000
"013255 12,5",Akkr.Kal.(DAkkS) Messuhr digital,12.0000
013255 3,DAkkS Kalibrierung Messuhr,5.0000
013255 30,DAkkS Kalibrierung Messuhr,16.0000
013255 5,DAkkS Kalibrierung Messuhr,12.0000
013255 50,DAkkS Kalibrierung Messuhr,20.0000
013260 1,"DAkkS Kalibrierung Messuhr analog 0,001",12.0000
013260 3,"DAkkS Kalibrierung Messuhr analog 0,001",7.0000
013260 5,"DAkkS Kalibrierung Messuhr analog 0,001",10.0000
013265 1,"DAkkS Kalibrierung Messuhr analog 0,001",8.0000
013265 3,"DAkkS Kalibrierung Messuhr analog 0,001",7.0000
013265 5,"DAkkS Kalibrierung Messuhr analog 0,001",10.0000
013420,Werks-Kalibr. Längenmesseinrichtung,15.0000
013425,Werks-Kalibr. Längenmesseinrichtung,15.0000
013450,DAkkS  Kalibrierung Feinzeiger max.3mm,8.0000
013455,Akkr.Kal.(DAkkS) Feinzeiger max.3mm,6.4000
013470,Werks-Kalibr. Feinzeiger,5.0000
013475,Werks-Kalibr. Feinzeiger,6.5000
013520 160,Werks-Kalibr. Innenfeinmessgerät,6.5000
013520 18,Werks-Kalibr. Innenfeinmessgerät,15.2000
013520 400,Werks-Kalibr. Innenfeinmessgerät,18.0000
013520 60,Werks-Kalibr. Innenfeinmessgerät,11.0000
013520 600,Werks-Kalibr. Innenfeinmessgerät,14.0000
013520 800,Werks-Kalibr. Innenfeinmessgerät,15.0000
013525 160,Werks-Kalibr. Innenfeinmessgerät,10.2000
013525 18,Werks-Kalibr. Innenfeinmessgerät,12.0000
013525 400,Werks-Kalibr. Innenfeinmessgerät,10.0000
013525 60,Werks-Kalibr. Innenfeinmessgerät,10.0000
013525 600,Werks-Kalibr. Innenfeinmessgerät,16.1000
013525 800,Werks-Kalibr. Innenfeinmessgerät,10.0000
013530 G,Werks-Kalibr. Grundkörper+1 Messeinsatz,5.0000
013530 M,Werks-Kalibr. weiterer Messeinsatz für,6.0000
013535 G,Werks-Kalibr. Grundkörper+1 Messeinsatz,7.3000
013535 G2MM,Werks-Kalibr. Innenfeinmessgerät,7.6000
013535 M,Werks-Kalibr. weiterer Messeinsatz für,5.0000
013535 M2MM,Werks-Kalibr. weiterer Messeinsatz für,5.3000
013545,Werks-Kalibr. Fühlhebelmessgerät digital,30.0000
013550 100,Akkr. Kalibr. Messuhr neue Richtlinie,25.0000
013650,Werks-Kalibr. Fühlhebelmessgerät,10.0000
013655,Werks-Kalibr. Fühlhebelmessgerät analog,11.3000
013660,DAkkS Kalibrierung Fühlhebelmessgerät,19.5000
013665,Akkr.Kal.(DAkkS) Fühlhebelmessg. analog,13.0000
013675,Akkr.Kal.(DAkkS) Fühlhebelmessg. digital,45.0000
013820,Werks-Kalibr. Dickenschnellmesser,9.0000
013825,Werks-Kalibr. Dickenschnellmesser,9.0000
013850,Werks-Kalibr. Aussen/Innenschnelltaster,6.0000
013855,Werks-Kalibr. Aussen/Innenschnelltaster,6.0000
014005,Akkr.Kal.(DAkkS) Shore-Härte Kontroll-,30.0000
014350 1000,Werks-Kalibr. Höhenmessschieber,15.0000
014350 1500,Werks-Kalibr. Höhenmessschieber,19.6000
014350 300,Werks-Kalibr. Höhenmessschieber,11.8000
014350 600,Werks-Kalibr. Höhenmessschieber,15.7000
014355 1000,Werks-Kalibr. Höhenmessschieber,16.5000
014355 1500,Werks-Kalibr. Höhenmessschieber,19.6000
014355 2000,Werks-Kalibr. Höhenmessschieber,19.6000
014355 2500,Werks-Kalibr. Höhenmessschieber,23.8000
014355 300,Werks-Kalibr. Höhenmessschieber,12.4000
014355 600,Werks-Kalibr. Höhenmessschieber,14.6000
014360 1000,Werks-Kalibr. digit.Höhenmessgerät,66.0000
014360 1500,Werks-Kalibr. digit.Höhenmessgerät,60.0000
014360 400,Werks-Kalibr. digit.Höhenmessgerät,55.0000
014360 800,Werks-Kalibr. digit.Höhenmessgerät,66.0000
014365 1000,Werks-Kalibr. digit. Höhenmessgerät,66.0000
014365 1500,Werks-Kalibr. digit.Höhenmessgerät,60.0000
014365 400,Werks-Kalibr. digit. Höhenmessgerät,55.0000
014365 800,Werks-Kalibr. digit. Höhenmessgerät,66.0000
014370 1000,Akkr. Kalibr. Höhenmessschieber,20.0000
014370 300,Akkr. Kalibr. Höhenmessschieber,15.0000
014370 600,Akkr. Kalibr. Höhenmessschieber,30.0000
014375 1000,Akkr.Kal.(DAkkS) Höhenmessschieber,20.0000
014375 300,Akkr.Kal.(DAkkS) Höhenmessschieber,12.0000
014375 600,Akkr.Kal.(DAkkS) Höhenmessschieber,15.0000
014450 300,Werks-Kalibr. Höhenmessschraube,45.0000
014455 300,Werks-Kalibr. Höhenmessschraube,45.0000
014500 1000,Werks-Kalibr. vor Ort Dig-Höhenmessgerät,60.0000
014500 1500,Werks-Kalibr. digi.Höhenmessgerät KvO,65.0000
014500 400,Werks-Kalibr. vor Ort Dig-Höhenmessgerät,50.0000
014500 800,Werks-Kalibr. vor Ort Dig-Höhenmessgerät,55.0000
014600 1000,DAkkS Kalibrierung Digi-Höhenmessgerät,71.5000
014600 400,DAkkS Kalibrierung Digi-Höhenmessgerät,60.5000
014600 800,DAkkS Kalibrierung Digi-Höhenmessgerät,66.0000
014605 1000,Akkr.Kal.(DAkkS) Digi-Höhenmessgerät,71.5000
014605 400,Akkr.Kal.(DAkkS) Digi-Höhenmessgerät,60.5000
014605 800,Akkr.Kal.(DAkkS) Digi-Höhenmessgerät,66.0000
014700,Werks-Kalibr. Härteprüfgerät,30.0000
014700 A,Werks-Kalibr. Härteprüfgerät Shore A,30.0000
014700 D,Werks-Kalibr. Härteprüfgerät Shore D,30.0000
014705,Werks-Kalibr. Härteprüfgerät,30.0000
014705 A,Werks-Kalibr. Härteprüfgerät Shore A,30.0000
014705 D,Werks-Kalibr. Härteprüfgerät Shore D,30.0000
014800,Werks-Kalibr. Shore-Härte Kontrollnormal,15.0000
014805,Werks-Kalibr. Shore-Härte Kontrollnormal,15.0000
015020 100,"Werks-Kalibr. Flach-, Anschlag- und-",8.9000
015020 1000,"Werks-Kalibr. Flach-, Anschlag- und-",49.5000
015020 1500,"Werks-Kalibr. Flach-, Anschlag- und-",60.0000
015020 200,"Werks-Kalibr. Flach-, Anschlag- und-",9.2000
015020 300,"Werks-Kalibr. Flach-, Anschlag- und-",12.0000
015020 500,"Werks-Kalibr. Flach-, Anschlag- und-",12.7000
015020 750,"Werks-Kalibr. Flach-, Anschlag- und-",22.0000
015025 100,"Werks-Kalibr. Flach-, Anschlag- und-",9.0000
015025 1000,"Werks-Kalibr. Flach-, Anschlag- und-",45.0000
015025 200,"Werks-Kalibr. Flach-, Anschlag- und-",13.0000
015025 500,"Werks-Kalibr. Flach-, Anschlag- und-",15.0000
015025 750,"Werks-Kalibr. Flach-, Anschlag- und-",15.0000
015030,Werks-Kalibr. Messzeugsatz  5tlg.,23.8000
015105,Werks-Kalibr. Flanschwinkel,12.0000
015350,Werks-Kalibr. Universal-Winkelmesser,20.9000
015355,Werks-Kalibr. Universal-Winkelmesser,20.9000
015360,Werks-Kalibr. Winkelmesser/ Gradmesser,8.0000
015365,Werks-Kalibr. Winkelmesser/ Gradmesser,8.0000
015370 UNI,Akkr. Kalibr. Universalwinkelmesser,15.0000
015375 UNI,Akkr.Kal.(DAkkS) Universalwinkel-,20.9000
015380 GRAD,Akkr. Kalibr. Winkelmesser/Gradmesser,15.0000
015385 GRAD,Akkr.Kal.(DAkkS) Winkel-/Gradmesser,10.0000
015500,"Werks-Kalibr. Zentrier-, Spitz-,",20.0000
015505,"Werks-Kalibr. Zentrier-, Spitz-,",20.0000
015600 100,"DAkkS Kalibrierung Flach-,Anschlag,-Haar",12.4000
015600 200,"DAkkS Kalibrierung Flach-,Anschlag,-Haar",12.4000
015600 500,"DAkkS Kalibrierung Flach-,Anschlag,-Haar",12.4000
015600 750,"DAkkS Kalibrierung Flach-,Anschlag,-Haar",15.0000
015605 100,"Akkr.Kal.(DAkkS) Flach-, Anschlag-,",13.6000
015605 200,"DAkkS Kalibrierung Flach-,Anschlag,-Haar",12.4000
015605 500,"Akkr.Kal.(DAkkS) Flach-, Anschlag-,",12.4000
015605 750,"Akkr.Kal.(DAkkS) Flach-, Anschlag-,",15.0000
016010 1000,Werks-Kalibr. Haarlineal,10.5000
016010 1500,Werks-Kalibr. Haarlineal,11.7000
016010 200,Werks-Kalibr. Haarlineal,5.0000
016010 500,Werks-Kalibr. Haarlineal,7.7000
016015 1000,Werks-Kalibr. Haarlineal,9.0000
016015 1500,Werks-Kalibr. Haarlineal,14.7000
016015 200,Werks-Kalibr. Haarlineal,3.9000
016015 500,Werks-Kalibr. Haarlineal,5.7000
016020 200,DAkkS Kalibrierung Haarlineal,10.7000
016020 500,DAkkS Kalibrierung Haarlineal,10.0000
016020 750,DAkkS Kalibrierung Haarlineal,12.4000
016025 200,DAkkS Kalibrierung Haarlineal,10.7000
016025 500,DAkkS Kalibrierung Haarlineal,10.0000
016025 750,Akkr.Kal.(DAkkS) Haarlineal,12.4000
016030 1000,Werks-Kalibr. Flachlineal,13.2000
016030 2000,Werks-Kalibr. Flachlineal,17.0000
016030 3000,Werks-Kalibr. Flachlineal,20.0000
016030 500,Werks-Kalibr. Flachlineal,9.9000
016035 1000,Werks-Kalibr. Flachlineal,18.2000
016035 2000,Werks-Kalibr. Flachlineal,22.3000
016035 3000,Werks-Kalibr. Flachlineal,25.0000
016035 500,Werks-Kalibr. Flachlineal,10.1000
016040 750,DAkkS Kalibrierung Flachlineal,13.6000
016045 750,Akkr.Kal.(DAkkS) Flachlineal,13.6000
016050 800X600,Werks-Kalibr. Winkelnormal,40.0000
016055 800X600,Werks-Kalibr. Winkelnormal,40.0000
016100 1000,Werks-Kalibr. Stahlmaßstab,6.0000
016100 1000/2,Werks-Kalibr. Stahlmaßstab 2 Skalen,10.0000
016100 2000,Werks-Kalibr. Stahlmaßstab,6.0000
016100 2000/2,Werks-Kalibr. Stahlmaßstab 2 Skalen,12.0000
016100 3000,Werks-Kalibr. Stahlmaßstab,10.0000
016100 3000/2,Werks-Kalibr. Stahlmaßstab 2 Skalen,22.0000
016100 500,Werks-Kalibr. Stahlmaßstab,6.0000
016100 500/2,Werks-Kalibr. Stahlmaßstab 2 Skalen,8.5000
016105 1000,Werks-Kalibr. Stahlmaßstab,6.5000
016105 1000/2,Werks-Kalibr. Stahlmaßstab 2 Skalen,10.0000
016105 10000,Werks-Kalibr. Stahlmaßstab,50.0000
016105 10000/2,Werks-Kalibr. Stahlmaßstab 2 Skalen,100.0000
016105 2000,Werks-Kalibr. Stahlmaßstab,5.0000
016105 2000/2,Werks-Kalibr. Stahlmaßstab 2 Skalen,12.3000
016105 3000,Werks-Kalibr. Stahlmaßstab,18.0000
016105 3000/2,Werks-Kalibr. Stahlmaßstab 2 Skalen,22.0000
016105 4000,Werks-Kalibr. Stahlmaßstab,25.0000
016105 500,Werks-Kalibr. Stahlmaßstab,6.0000
016105 500/2,Werks-Kalibr. Stahlmaßstab 2 Skalen,8.0000
016105 5000,Werks-Kalibr. Stahlmaßstab,30.0000
016105 5000/2,Werks-Kalibr. Stahlmaßstab 2 Skalen,60.0000
016140 10,Werks-Kalibr. Rollbandmaß,8.0000
016140 10/2,Werks-Kalibr. Rollbandmaß 2 Skalen,13.7000
016140 2,Werks-Kalibr. Rollbandmaß,4.0000
016140 2/2,Werks-Kalibr. Rollbandmaß 2 Skalen,7.0000
016140 30,Werks-Kalibr. Rollbandmaß,15.0000
016140 5,Werks-Kalibr. Rollbandmaß,7.0000
016140 5/2,Werks-Kalibr. Rollbandmaß 2 Skalen,7.0000
016140 50,Werks-Kalibr. Rollbandmaß,20.0000
016145 10,Werks-Kalibr. Rollbandmaß,10.7000
016145 10/2,Werks-Kalibr. Rollbandmaß 2 Skalen,20.0000
016145 2,Werks-Kalibr. Rollbandmaß,4.0000
016145 30,Werks-Kalibr. Rollbandmaß,15.0000
016145 5,Werks-Kalibr. Rollbandmaß,10.7000
016145 5/2,Werks-Kalibr. Rollbandmaß 2 Skalen,20.0000
016145 50,Werks-Kalibr. Rollbandmaß,31.0000
016150 1000,Werks-Kalibr. Umfangsbandmaß,8.0000
016150 3000,Werks-Kalibr. Umfangsbandmaß,10.0000
016150 6000,Werks-Kalibr. Umfangsbandmaß,18.0000
016155 1000,Werks-Kalibr. Umfangsbandmaß,7.0000
016155 15000,Werks-Kalibr. Umfangsbandmaß,21.0000
016155 25000,Werks-Kalibr. Umfangsbandmaß,30.0000
016155 3000,Werks-Kalibr. Umfangsbandmaß,10.0000
016155 50000,Werks-Kalibr. Umfangsbandmaß,45.0000
016155 6000,Werks-Kalibr. Umfangsbandmaß,12.0000
016170 30,Akkr. Kalibr. Rollbandmaß,15.0000
016170 30/2,Akkr. Kalibr. Rollbandmaß 2 Skalen,15.0000
016170 5,Akkr. Kalibr. Rollbandmaß,6.0000
016170 50,Akkr. Kalibr. Rollbandmaß,25.0000
016175 30,Akkr.Kal.(DAkkS) Rollbandmaß,15.0000
016175 30/2,Akkr.Kal.(DAkkS) Rollbandmaß 2 Skalen,25.0000
016175 5,Akkr.Kal.(DAkkS) Rollbandmaß,6.0000
016175 50,Akkr.Kal.(DAkkS) Rollbandmaß,25.0000
016180 1000,Akkr. Kalibr. Umfangsbandmaß,10.0000
016180 3000,Akkr. Kalibr. Umfangsbandmaß,30.0000
016185 1000,Akkr.Kal.(DAkkS) Umfangsbandmaß,10.0000
016185 15000,Akkr.Kal.(DAkkS) Umfangsbandmaß,21.0000
016185 25000,Akkr.Kal.(DAkkS) Umfangsbandmaß,30.0000
016185 3000,Akkr.Kal.(DAkkS) Umfangsbandmaß,15.0000
016185 50000,Akkr.Kal.(DAkkS) Umfangsbandmaß,45.0000
016185 6000,Akkr.Kal.(DAkkS) Umfangsbandmaß,20.0000
016195 10000,Akkr.Kal.(DAkkS) Durchmesserbandmaß,24.0000
"016200 0,02",Werks-Kalibr. Rahmenwasserwaage,15.7000
"016200 0,10",Werks-Kalibr. Rahmenwasserwaage,23.0000
"016200 0,40",Werks-Kalibr. Rahmenwasserwaage,15.7000
"016205 0,02",Werks-Kalibr. Rahmenwasserwaage,13.0000
"016205 0,10",Werks-Kalibr. Rahmenwasserwaage,12.0000
"016205 0,40",Werks-Kalibr. Rahmenwasserwaage,11.0000
016220 100X120,Werks-Kalibr. Feinmesstisch,30.0000
016220 300X200,Werks-Kalibr. Feinmesstisch,35.0000
016220 400X400,Werks-Kalibr. Feinmesstisch,35.0000
016225 100X120,Werks-Kalibr. Feinmesstisch,30.0000
016225 400X400,Werks-Kalibr. Feinmesstisch,45.0000
"016230 0,02",Werks-Kalibr. Wellenwasserwaage,19.0000
"016230 0,10",Werks-Kalibr. Wellenwasserwaage,15.0000
"016230 0,40",Werks-Kalibr. Wellenwasserwaage,15.0000
"016235 0,02",Werks-Kalibr. Wellenwasserwaage,13.0000
"016235 0,10",Werks-Kalibr. Wellenwasserwaage,12.0000
"016235 0,40",Werks-Kalibr. Wellenwasserwaage,11.0000
016240,Werks-Kalibr. Richtwasserwaage,7.0000
016245,Werks-Kalibr. Richtwasserwaage,3.7000
"016245 0,40",Werks-Kalibr. Richtwasserwaage,7.0000
016245 E,Werks-Kalibr. elektronisches Neigungs-,10.0000
016250 400X400,Werks-Kalibr. Hartgesteinplatte,35.0000
016255 400X400,Werks-Kalibr. Hartgesteinplatte,45.0000
016255 J,Justage Neigungsmessgeräte,30.0000
016270 400X400,DAkkS Kalibrierung Hartgesteinplatte,120.0000
016275 400X400,Akkr.Kal.(DAkkS) Hartgesteinplatte,120.0000
016305 2,Werks-Kalibr. Oszilloskop,30.0000
016305 2/100,Werks-Kalibr. Oszilloskop <100MHz,40.0000
016305 2/1000,Werks-Kalibr. Oszilloskop <1000MHz,40.0000
016305 2/500,Werks-Kalibr. Oszilloskop <500MHz,40.0000
016305 3,Werks-Kalibr. Oszilloskop,35.0000
016305 4,Werks-Kalibr. Oszilloskop,40.0000
016305 4/100,Werks-Kalibr. Oszilloskop <100MHz,80.0000
016305 4/1000,Werks-Kalibr. Oszilloskop <1000MHz,80.0000
016305 4/500,Werks-Kalibr. Oszilloskop <500MHz,80.0000
016310 1000,Akkr. Kalibr. Stahlmaßstab,12.0000
016310 1000/2,Akkr. Kalibr. Stahlmaßstab 2 Skalen,25.0000
016310 500,Akkr. Kalibr. Stahlmaßstab,10.0000
016310 500/2,Akkr. Kalibr. Stahlmaßstab 2 Skalen,20.0000
016315 1000,Akkr.Kal.(DAkkS) Stahlmaßstab (je Skale),10.0000
016315 1000/2,Akkr.Kal.(DAkkS) Stahlmaßstab 2 Skalen,17.5000
016315 10000,Akkr.Kal.(DAkkS) Stahlmaßstab (je Skale),50.0000
016315 10000/2,Akkr.Kal.(DAkkS) Stahlmaßstab 2 Skalen,100.0000
016315 3000,Akkr.Kal.(DAkkS) Stahlmaßstab (je Skale),25.0000
016315 3000/2,Akkr.Kal.(DAkkS) Stahlmaßstab 2 Skalen,40.0000
016315 4000,Akkr.Kal.(DAkkS) Stahlmaßstab (je Skale),25.0000
016315 4000/2,Akkr.Kal.(DAkkS) Stahlmaßstab 2 Skalen,50.0000
016315 500,Akkr.Kal.(DAkkS) Stahlmaßstab (je Skale),5.5000
016315 500/2,Akkr.Kal.(DAkkS) Stahlmaßstab 2 Skalen,10.0000
016315 5000,Akkr.Kal.(DAkkS) Stahlmaßstab (je Skale),30.0000
016315 5000/2,Akkr.Kal.(DAkkS) Stahlmaßstab 2 Skalen,60.0000
016320 2000,Akkr. Kalibr. Gliedermaßstab,8.0000
016320 5000,Akkr. Kalibr. Gliedermaßstab,20.0000
016325 5000,Akkr.Kal.(DAkkS) Gliedermaßstab,20.0000
016335 2/100,Akkr.Kal.(DAkkS) Oszilloskop <100MHz,40.0000
016335 2/1000,Akkr.Kal.(DAkkS) Oszilloskop <1000MHz,40.0000
016335 2/500,Akkr.Kal.(DAkkS) Oszilloskop <500MHz,40.0000
016335 4/100,Akkr.Kal.(DAkkS) Oszilloskop <100MHz,80.0000
016335 4/1000,Akkr.Kal.(DAkkS) Oszilloskop <1000MHz,80.0000
016335 4/500,Akkr.Kal.(DAkkS) Oszilloskop <500MHz,80.0000
016400,Werks-Kalibr. Stoppuhr,8.0000
016405,Werks-Kalibr. Stoppuhr,8.0000
016505,DGUV V3 Prüfung,4.0000
016600,Werks-Kalibr. Drehzahlmesser/ Stroboskop,15.0000
016605,Werks-Kalibr. Drehzahlmesser/ Stroboskop,10.0000
016615,"Werks-Kalibr. Druckmessgerät, Vakuum",30.0000
"016615 0,1-0,6","Werks-Kalibr. Druckmessgerät, Vakuum",17.0000
016625,Werks-Kalibr. Absolutdruckmessgerät,30.0000
"016625 0,1-0,6",Werks-Kalibr. Absolutdruckmessgerät,28.0000
016635,Werks-Kalibr. Elektr. Druckmessgerät/,30.0000
"016635 0,1-0,6",Werks-Kalibr. Elektr. Druckmessgerät/,33.0000
016645,Werks-Kalibr. Elektr. Absolutdruckmess-,30.0000
"016645 0,1-0,6",Werks-Kalibr. Elektr. Absolutdruckmess-,33.0000
016655 SCOPE,Werks-Kalibr. Scopemeter,60.0000
016665 SCOPE,Akkr.Kal.(DAkkS) Scopemeter,60.0000
016675 L,Werks-Kalibr. Leitfähigkeitsmessgerät,20.0000
016675 LPH,Werks-Kalibr. Leitfähigkeits-/pH-Kombi-,35.0000
016675 PH,Werks-Kalibr. pH-Messgerät,20.0000
016700,Werks-Kalibr. Temperaturmessgerät,35.0000
016700 A,Werks-Kalibr. Temperaturfühler,35.0000
016705,Werks-Kalibr. Temperaturfühler,20.0000
016705 A,Werks-Kalibr. Temperaturfühler,35.0000
016715 A,Werks-Kalibr. zusätzl.Temperaturfühler,35.0000
016735 A,Werks-Kalibr. Infrarot-Temperatur-,15.0000
"016750 0,1-0,6",Werks-Kalibr. Manometer bis 1000 bar,30.0000
"016755 0,1-0,6",Werks-Kalibr. Manometer bis 1000 bar,25.0000
"016755 0,1-1",Werks-Kalibr. Analog-Druckmessgerät,25.0000
016755 1-4,Werks-Kalibr. Analog-Druckmessgerät,11.0000
016780 3,DAkkS Kalibrierung Digital-Multimeter,30.0000
016785 3,DAkkS Kalibrierung Digital-Multimeter,30.0000
"016785 3,5",Akkr.Kal.(DAkkS) Digital-Multimeter,25.0000
016785 3-5,Akkr. Kalibr. Digital-Multimeter,40.0000
016785 4,DAkkS Kalibrierung Digital-Multimeter,35.0000
"016785 4,5",Akkr.Kal.(DAkkS) Digital-Multimeter,25.0000
016785 5,DAkkS Kalibrierung Digital-Multimeter,30.0000
"016785 5,5",Akkr.Kal.(DAkkS) Digital-Multimeter,25.0000
016785 6,Akkr. Kalibr. Digital-Multimeter,35.0000
"016785 6,5",Akkr.Kal.(DAkkS) Digital-Multimeter,25.0000
"016785 7,5",Akkr.Kal.(DAkkS) Digital-Multimeter,40.0000
016790 D,DAkkS Kalibrierung Stromzange,28.0000
016795,Akkr.Kal.(DAkkS) Stromzange,10.0000
"016795 3,5",Akkr.Kal.(DAkkS) Stromzange,20.0000
"016795 4,5",Akkr.Kal.(DAkkS) Stromzange,20.0000
016795 D,Akkr. Kalibr. Stromzange,28.0000
016800,Werks-Kalibr. Schallpegelmessgerät,10.0000
016805,Werks-Kalibr. Schallpegelmessgerät,10.0000
016815 1,Werks-Kalibr. Stromwandler,10.0000
016815 1-4,Werks-Kalibr. Stromwandler,15.0000
016815 2,Werks-Kalibr. Stromwandler,15.0000
016815 3,Werks-Kalibr. Stromwandler,20.0000
016815 4,Werks-Kalibr. Stromwandler,25.0000
016820 1,Werks-Kalibr. Temperaturanzeigegerät,15.0000
016825 1,Werks-Kalibr. Temperaturanzeigegerät,15.0000
016825 2,Werks-Kalibr. Temperaturanzeigegerät,20.0000
016825 3,Werks-Kalibr. Temperaturanzeigegerät,23.0000
016825 4,Werks-Kalibr. Temperaturanzeigegerät,35.0000
016830,DAkkS Kalibrierung Drehzahlmesser,20.0000
016835,Akkr.Kal.(DAkkS) Drehzahlmesser,10.0000
016840 2,Akkr. Kalibr. Temperaturanzeige,20.0000
016845 1,DAkkS Kalibrierung Temperaturanzeige für,9.0000
016845 2,Akkr.Kal.(DAkkS) Temperaturanzeige,20.0000
016845 3,DAkkS Kalibrierung Temperaturanzeige für,15.0000
016845 4,Akkr.Kal.(DAkkS) Temperaturanzeige,35.0000
016850,Werks-Kalibr. Isolationsprüfgerät,23.0000
016855,Werks-Kalibr. Isolationsprüfgerät,25.0000
016860,Werks-Kalibr. Erdungsmessgerät,25.0000
016865,Werks-Kalibr. Erdungsmessgerät,25.0000
016875,Akkr.Kal.(DAkkS) Temperaturfühler,20.0000
016875 A,DAkkS Kalibrierung Temperaturfühler mit,20.0000
016885 A,DAkkS Kalibrierung zusätz.Temperaturfühl,20.0000
016895 A,Akkr.Kal.(DAkkS) Infrarot-Temp.-Messg.,15.0000
016905,Werks Kalibr. Feuchte/Temp-Messgerät,20.0000
016905 F,"Werks-Kalibr.  Feuchte-, Kombi- Mess-",20.0000
016905 T,Werks-Kalibr. Temp-Messgerät /Daten-,20.0000
016930,DAkkS Kalibrierung Feuchte/Temperatur-,45.0000
016935,ungültig,20.0000
016935 F,"Akkr.Kal.(DAkkS) Feuchte-,Kombi-Mess-",20.0000
016935 T,Akkr.Kal.(DAkkS) Temperatur-Messg./,20.0000
"016955 0,1-0,6",Werks-Kalibr. Elektr. Druckmessgerät,30.0000
"016955 0,1-1",Werks-Kalibr. elektr. Druckmessgerät,30.0000
016955 1-4,Werks-Kalibr elektrisches Druckmessgerät,22.0000
"016965 0,1-<1",Werks-Kalibr. Druckmessgerät,25.0000
016965 1-4,Werks-Kalibr. Druckmessgerät,11.0000
"016965 <0,1",Werks-Kalibr. Druckmessgerät,30.0000
"016995 0,1-<1",Akkr.Kal.(DAkkS) Druckmessgerät,40.0000
016995 1-4,Akkr.Kal.(DAkkS) Druckmessgerät,20.0000
"016995 <0,1",Akkr.Kal.(DAkkS) Druckmessgerät,45.0000
017200,Stundensatz Messmaschine,60.0000
017205,Stundensatz Messmaschine,60.0000
017285,Stundensatz Handmessung,60.0000
017315,Werks-Kalibr. Spannungs- und Strom-,30.0000
017325,"Werks-Kalibr. Widerstandsmessbrücke,",20.0000
017335,Werks-Kalibr. Temperatursimulator,20.0000
017345,Werks-Kalibr. Messwiderstand,10.0000
017355,Werks-Kalibr. Widerstandsdekade,35.0000
017355 3,Werks-Kalibr. Widerstandsdekade,15.0000
017355 Z,Werks-Kalibr. Widerstandsdekade,5.0000
017365 1,Werks-Kalibr. Stromversorgung,20.0000
017365 2,Werks-Kalibr. Stromversorgung,40.0000
017375,Werks-Kalibr. Isolationsprüfgerät,25.0000
017385,Werks-Kalibr. Multitester,45.0000
"017395 0,1-0,6",Akkr. Kalibr. Manometer,30.0000
"017395 0,1-1",Akkr. Kalibr. Manometer,40.0000
017395 1-4,Akkr. Kalibr. Manometer,20.0000
017405 1,Akkr.Kal.(DAkkS) Stromversorgung,20.0000
017405 2,Akkr.Kal.(DAkkS) Stromversorgung,40.0000
017415,Akkr.Kal.(DAkkS) Spannungs- und Strom-,50.0000
017420,DAkkS Kalibrierung Messwiderstand,12.0000
017425,Akkr.Kal.(DAkkS) Messwiderstand,12.0000
017430,DAkkS Kalibrierung Widerstandsdekade,35.0000
017435,Akkr. Kalibr. Widerstandsdekade,35.0000
017435 3,Akkr.Kal.(DAkkS) Widerstandsdekade,15.0000
017435 Z,Akkr.Kal.(DAkkS) Widerstandsdekade,5.0000
017440,DAkkS-Kalibrierung Härteprüfgerät Shore,30.0000
017445,Akkr.Kal.(DAkkS) Härteprüfgerät,40.0000
017450 40,Akkr. Kalibr. Radienlehrenblatt,2.5000
017455 40,Akkr.Kal.(DAkkS) Radienlehrenblatt,1.5000
017465 200,Werks-Kalibr. einzelne Fühlerlehre,4.0000
017550 200,Akkr. Kalibr. Fühlerlehrenblatt,5.0000
017555 200,Akkr.Kal.(DAkkS) Fühlerlehre,5.0000
017705,Werks-Kalibr. Multimeter analog,20.0000
017710 3,Werks-Kalibr. Digital-Multimeter,25.0000
017715 3,Werks-Kalibr. Digital-Multimeter,25.0000
"017715 3,5",Werks-Kalibr. Digital-Multimeter,25.0000
017715 3-5,Werks-Kalibr. Digital-Multimeter,35.0000
017715 4,Werks-Kalibr. Digital-Multimeter,38.0000
"017715 4,5",Werks-Kalibr. Digital-Multimeter,25.0000
017715 5,Werks-Kalibr. Digital-Multimeter,60.0000
"017715 5,5",Werks-Kalibr. Digital-Multimeter,25.0000
017715 6,Werks-Kalibr. Digital-Multimeter,60.0000
"017715 6,5",Werks-Kalibr. Digital-Multimeter,25.0000
"017715 7,5",Werks-Kalibr. Digital-Multimeter,40.0000
017720 D,Werks-Kalibr. Stromzange,24.0000
017725,Werks-Kalibr. Stromzange,10.0000
"017725 3,5",Werks-Kalibr. Stromzange,20.0000
"017725 4,5",Werks-Kalibr. Stromzange,20.0000
017725 D,Werks-Kalibr. Stromzange,24.0000
017750 50,Werks-Kalibr. Radienlehrenblatt,2.5000
017755 50,Werks-Kalibr. Radienlehrenblatt,1.5000
017760,Werks-Kalibr. Gewindeschablonen,15.0000
017765,Werks-Kalibr. Gewindeschablonen,2.0000
017765 R,Werks-Kalibr. Riemenspannungsmessgerät,15.0000
017795,Werks-Kalibr. Leistungsmessgerät,60.0000
017820 200,Werks-Kalibr. Fühlerlehrenblatt,4.0000
017825 200,Werks-Kalibr. Fühlerlehre im Satz,4.0000
017830,Werks-Kalibr. Schweißnahtlehre,30.0000
017835,Werks-Kalibr. Schweißnahtlehre,7.5000
017860,Werks-Kalibr. Schweißnahtlehre,30.0000
017865,Werks-Kalibr. Schweißnahtlehre,60.0000
017870,Werks-Kalibr. Spannungsprüfer,15.0000
017875,Werks-Kalibr. Spannungsprüfer,10.0000
017885,Akkr.Kal.(DAkkS) Spannungsprüfer,10.0000
017910,Werks-Kalibr. DIN VDE Prüfgerät,35.0000
017915,Werks-Kalibr. DIN VDE Prüfgerät,25.0000
017925,Akkr.Kal.(DAkkS) DIN VDE Prüfgerät,25.0000
017940,Werks-Kalibr. Schutzleiterprüfgerät,20.0000
017945,Werks-Kalibr. Schutzleiterprüfgerät und,25.0000
017955,Akkr.Kal.(DAkkS) Schutzleiterprüfgerät,25.0000
017975 0,"Werks-Kalibr. Endmaß 100-150mm, Opt. 3",15.0000
017975 1,"Werks-Kalibr. Endmaß 100-150mm, Opt. 3",15.0000
017975 100-150,Werks-Kalibr. Endmaß Opt. 3,15.0000
017975 2,"Werks-Kalibr. Endmaß 100-150mm, Opt. 3",15.0000
017985 1000,Akkr.Kal.(DAkkS) Parallelendmaß Opt. 2,20.0000
017985 200,Akkr.Kal.(DAkkS) Parallelendmaß Opt. 2,15.0000
017985 400,Akkr.Kal.(DAkkS) Parallelendmaß Opt. 2,15.0000
017985 800,Akkr.Kal.(DAkkS) Parallelendmaß Opt. 2,20.0000
017995 100,Werks-Kalibr. Parallelendmaß Option 1,5.0000
017995 1000,Werks-Kalibr. Parallelendmaß Option 1,20.0000
017995 200,Werks-Kalibr. Parallelendmaß Option 1,15.0000
017995 400,Werks-Kalibr. Parallelendmaß Option 1,15.0000
017995 800,Werks-Kalibr. Parallelendmaß Option 1,20.0000
018000,Ersatzendmaß inklusive Kalibrierung,10.0000
018000 A-KAL,Ersatzendmaß inkl. Akkr. (DakkS)-Kalibr.,10.0000
018010 0,Werks-Kalibr. Endmaß 100-150mm Opt. 1,15.0000
018010 1,Werks-Kalibr. Endmaß 100-150mm Opt. 1,15.0000
018010 2,Werks-Kalibr. Endmaß 100-150mm Opt. 1,15.0000
018015 0,Werks-Kalibr. Endmaß 100-150mm Opt. 1,15.0000
018015 1,Werks-Kalibr. Endmaß 100-150mm Opt. 1,15.0000
018015 100-150,Werks-Kalibr. Endmaß Opt. 1,15.0000
018015 2,Werks-Kalibr. Endmaß 100-150mm Opt. 1,15.0000
018020 0,"Werks-Kalibr. Endmaß 0,5-100mm Opt.1",5.0000
018020 1,"Werks-Kalibr. Endmaß 0,5-100mm Opt.1",5.0000
018020 2,"Werks-Kalibr. Endmaß 0,5-100mm Opt.1",5.0000
018025 0,"Werks-Kalibr. Endmaß 0,5-100mm Opt.1",4.0000
018025 1,"Werks-Kalibr. Endmaß 0,5-100mm Opt.1",5.0000
018025 2,"Werks-Kalibr. Endmaß 0,5-100mm Opt.1",4.0000
018030 0,"Werks-Kalibr. Endmaß 0,5-100mm Opt. 2",5.0000
018030 1,"Werks-Kalibr. Endmaß 0,5-100mm Opt. 2",5.0000
018030 2,"Werks-Kalibr. Endmaß 0,5-100mm Opt. 2",5.0000
018035 0,"Werks-Kalibr. Endmaß 0,5-100mm Opt. 2",4.0000
018035 1,"Werks-Kalibr. Endmaß 0,5-100mm Opt. 2",4.0000
018035 2,"Werks-Kalibr. Endmaß 0,5-100mm Opt. 2",4.0000
018040 0,"Werks-Kalibr. Endmaß 0,5-100mm Opt. 3",5.0000
018040 1,"Werks-Kalibr. Endmaß 0,5-100mm Opt. 3",5.0000
018040 2,"Werks-Kalibr. Endmaß 0,5-100mm Opt. 3",5.0000
018041 10,Werks-Kalibr. Endmaßsatz Stahl Opt. 3,40.0000
018041 103,Werks-Kalibr. Endmaßsatz Stahl Opt. 3,257.5000
018041 32,Werks-Kalibr. Endmaßsatz Stahl Opt. 3,96.0000
018041 47,Werks-Kalibr. Endmaßsatz Stahl Opt. 3,140.0000
018041 87,Werks-Kalibr. Endmaßsatz Stahl Opt. 3,215.0000
018045 0,"Werks-Kalibr. Endmaß 0,5-100mm Opt. 3",4.0000
018045 1,"Werks-Kalibr. Endmaß 0,5-100mm Opt. 3",4.0000
018045 2,"Werks-Kalibr. Endmaß 0,5-100mm Opt. 3",4.0000
018050 100,"Akkr. Kalibr. Parallelendmaß, Opt.1",10.0000
018050 150,Akkr. Kalibr. Endmaß >100-150 Opt.1,15.0000
018055 100,Akkr.Kal.(DAkkS) Parallelendmaß Opt. 1,10.0000
018055 150,Akkr. Kalibr. Endmaß >100-150 Opt.1,15.0000
018070 0,Werks-Kalibr. Endmaß 100-150mm Opt. 2,15.0000
018070 1,Werks-Kalibr. Endmaß 100-150mm Opt. 2,15.0000
018070 2,Werks-Kalibr. Endmaß 100-150mm Opt. 2,15.0000
018075 0,Werks-Kalibr. Endmaß 100-150mm Opt. 2,15.0000
018075 1,Werks-Kalibr. Endmaß 100-150mm Opt. 2,15.0000
018075 100-150,Werks-Kalibr. Endmaß Opt. 2,15.0000
018075 2,Werks-Kalibr. Endmaß 100-150mm Opt. 2,15.0000
018080 100,"Akkr. Kalibr. Parallelendmaß, Opt.1",10.0000
018080 150,Akkr. Kalibr. Endmaß >100-150 Opt.1,15.0000
018085 100,Akkr.Kal.(DAkkS) Parallelendmaß Opt. 1,9.0000
018085 1000,Akkr.Kal.(DAkkS) Parallelendmaß Opt. 1,20.0000
018085 150,Akkr.Kal.(DAkkS) Parallelendmaß Opt. 1,15.0000
018085 200,Akkr.Kal.(DAkkS) Parallelendmaß Opt. 1,20.0000
018085 400,Akkr.Kal.(DAkkS) Parallelendmaß Opt. 1,20.0000
018085 800,Akkr.Kal.(DAkkS) Parallelendmaß Opt. 1,20.0000
018095 100,Akkr.Kal.(DAkkS) Parallelendmaß Opt. 1,10.0000
018105,Akkr. Kalibr. Endmaße Sondergröße,20.0000
018110,Werks-Kalibr. Parallelendmaß Sondergröße,10.0000
018115,Werks-Kalibr. Parallelendmaß Sondergröße,10.0000
018125 100,Akkr.Kal.(DAkkS) Parallelendmaß Opt. 2,10.0000
018140 100,Werks-Kalibr. Endmaß alle Genauigkeiten,10.0000
018140 1000,Werks-Kalibr. Endmaß Opt. 3,20.0000
018140 150,Werks-Kalibr. Endmaß alle Genauigkeiten,15.0000
018140 200,Werks-Kalibr. Endmaß Opt. 3,15.0000
018140 400,Werks-Kalibr. Endmaß Opt. 3,15.0000
018140 800,Werks-Kalibr. Endmaß Opt. 3,20.0000
018145 100,Werks-Kalibr. Parallelendmaß Option 3,4.0000
018145 1000,Werks-Kalibr. Parallelendmaß Option 3,20.0000
018145 200,Werks-Kalibr. Parallelendmaß Option 3,15.0000
018145 400,Werks-Kalibr. Parallelendmaß Option 3,15.0000
018145 800,Werks-Kalibr. Parallelendmaß Option 3,20.0000
018155 100,Akkr.Kal.(DAkkS) Parallelendmaß Opt. 3,10.0000
018160 100,"Akkr. Kalibr. Parallelendmaß, Opt.2",10.0000
018160 150,Akkr. Kalibr. Endmaß >100-150 Opt.2,15.0000
018165 100,Akkr.Kal.(DAkkS) Parallelendmaß Opt. 2,9.0000
018165 150,Akkr. Kalibr. Endmaß >100-150 Opt.2,15.0000
018170 100,"Akkr. Kalibr. Parallelendmaß, Opt.2",9.0000
018170 150,DAkkS Kalibrierung Endmaß >100-150 Opt.2,15.0000
018175 100,Akkr.Kal.(DAkkS) Parallelendmaß Opt. 2,12.0000
018175 1000,Akkr.Kal.(DAkkS) Parallelendmaß Opt. 2,20.0000
018175 150,Akkr.Kal.(DAkkS) Parallelendmaß Opt. 2,15.0000
018175 200,Akkr.Kal.(DAkkS) Parallelendmaß Opt. 2,18.0000
018175 400,Akkr.Kal.(DAkkS) Parallelendmaß Opt. 2,20.0000
018175 800,Akkr.Kal.(DAkkS) Parallelendmaß Opt. 2,20.0000
018180 200,Akkr. Kalibr. Endmaß Opt.3,15.0000
018180 400,Akkr. Kalibr. Endmaß Opt.3,20.0000
018180 800,Akkr. Kalibr. Endmaß Opt.3,20.0000
018185 1000,Akkr.Kal.(DAkkS) Parallelendmaß Opt. 3,20.0000
018185 200,Akkr.Kal.(DAkkS) Parallelendmaß Opt. 3,15.0000
018185 400,Akkr.Kal.(DAkkS) Parallelendmaß Opt. 3,20.0000
018185 800,Akkr.Kal.(DAkkS) Parallelendmaß Opt. 3,20.0000
018190 100,"DAkkS Kalibrierung Parallelendmaß, Opt.3",11.0000
018190 150,DAkkS Kalibrierung Endmaß >100-150 Opt.3,15.0000
018195 100,Akkr.Kal.(DAkkS) Parallelendmaß Opt. 3,9.0000
018195 150,Akkr. Kalibr. Endmaß >100-150 Opt.3,15.0000
018200 100,"DAkkS Kalibrierung Parallelendmaß, Opt.3",11.0000
018200 150,DAkkS Kalibrierung Endmaß >100-150 Opt.3,15.0000
018205 100,Akkr.Kal.(DAkkS) Parallelendmaß Opt. 3,11.0000
018205 1000,Akkr.Kal.(DAkkS) Parallelendmaß Opt. 3,20.0000
018205 150,Akkr.Kal.(DAkkS) Parallelendmaß Opt. 3,15.0000
018205 200,Akkr.Kal.(DAkkS) Parallelendmaß Opt. 3,16.0000
018205 400,Akkr.Kal.(DAkkS) Parallelendmaß Opt. 3,20.0000
018205 800,Akkr.Kal.(DAkkS) Parallelendmaß Opt. 3,20.0000
018210 170,Akkr. Kalibr. Grenzrachenlehre,15.0000
018210 5-100,Akkr. Kalibr. Grenzrachenlehre,10.0000
018215 170,Akkr.Kal.(DAkkS) Grenzrachenlehre,15.0000
018215 5-100,Akkr.Kal.(DAkkS) Grenzrachenlehre,10.0000
018225 1000,Akkr.Kal.(DAkkS) Parallelendmaß Opt. 1,20.0000
018225 200,Akkr.Kal.(DAkkS) Parallelendmaß Opt. 1,15.0000
018225 400,Akkr.Kal.(DAkkS) Parallelendmaß Opt. 1,20.0000
018225 800,Akkr.Kal.(DAkkS) Parallelendmaß Opt. 1,20.0000
018235 100,Werks-Kalibr. Parallelendmaß Option 2,4.0000
018235 1000,Werks-Kalibr. Parallelendmaß Option 2,20.0000
018235 200,Werks-Kalibr. Parallelendmaß Option 2,15.0000
018235 400,Werks-Kalibr. Parallelendmaß Option 2,15.0000
018235 800,Werks-Kalibr. Parallelendmaß Option 2,20.0000
018250,Werks-Kalibr. Messschnabel-Paar für,20.0000
018255,Werks-Kalibr. Messschnabel-Paar für,20.0000
018260 2-20,DAkkS Kalibrierung Prüfstift Opt.2,20.0000
018260 20,DAkkS Kalibrierung Prüfstift (Opt.2),20.0000
018265 100,Akkr. Kalibr. Prüfstift Opt.2,25.0000
018265 2-20,DAkkS Kalibrierung Prüfstift Opt.2,20.0000
018265 20,Akkr.Kal.(DAkkS) Prüfstift Option 2,25.0000
018265 OPT3,Akkr. Kalibr. Prüfstift Opt.3,25.0000
018270,Werks-Kalibr. Anreissspitze,5.0000
018275,Werks-Kalibr. Anreissspitze,5.0000
018275 20,Akkr.Kal.(DAkkS) Prüfstift Option 3,25.0000
018280 60,Werks-Kalibr. Glasparallele/ Planglas,25.0000
018285 60,Werks-Kalibr. Glasparallele/ Planglas,30.0000
018285 75,Werks-Kalibr. Glasparallel,30.0000
018285 85,Werks-Kalibr.  Planglas,15.0000
018300 600,Werks-Kalibr. Prüfzylinder,50.0000
018305 600,Werks-Kalibr. Prüfzylinder,60.0000
018325 100,Werks-Kalibr. Parallelendmaß Option 1,7.0000
018325 1000,Werks-Kalibr. Parallelendmaß Option 1,20.0000
018325 200,Werks-Kalibr. Parallelendmaß Option 1,15.0000
018325 400,Werks-Kalibr. Parallelendmaß Option 1,15.0000
018325 800,Werks-Kalibr. Parallelendmaß Option 1,20.0000
018335 100,Werks-Kalibr. Parallelendmaß Option 2,6.5000
018335 1000,Werks-Kalibr. Parallelendmaß Option 2,20.0000
018335 200,Werks-Kalibr. Parallelendmaß Option 2,15.0000
018335 400,Werks-Kalibr. Parallelendmaß Option 2,15.0000
018335 800,Werks-Kalibr. Parallelendmaß Option 2,20.0000
018345 100,Werks-Kalibr. Parallelendmaß Option 3,6.0000
018345 1000,Werks-Kalibr. Parallelendmaß Option 3,20.0000
018345 200,Werks-Kalibr. Parallelendmaß Option 3,15.0000
018345 400,Werks-Kalibr. Parallelendmaß Option 3,15.0000
018345 800,Werks-Kalibr. Parallelendmaß Option 3,20.0000
018355 100,Werks-Kalibr. Parallelendmaß Option 1,7.0000
018355 200,Werks-Kalibr. Parallelendmaß Option 1,20.0000
018365 100,Werks-Kalibr. Parallelendmaß Option 2,6.5000
018365 200,Werks-Kalibr. Parallelendmaß Option 2,18.0000
018375 100,Werks-Kalibr. Parallelendmaß Option 3,6.0000
018375 200,Werks-Kalibr. Parallelendmaß Option 3,16.0000
018380,Werks-Kalibr. Prüfstift,2.0000
018381 100,Werks-Kalibr. Prüfstiftsatz,31.7000
018381 101,Werks-Kalibr. Prüfstiftsatz,32.0000
018381 41,Werks-Kalibr. Prüfstiftsatz,13.0000
018381 50,Werks-Kalibr. Prüfstiftsatz,15.9000
018385 0,Werks-Kalibr. Prüfstift Opt. 0,3.0000
018385 1,Werks-Kalibr. Prüfstift Opt. 1,3.0000
018385 2,Werks-Kalibr. Prüfstift Opt. 1,3.0000
018385 20,Werks-Kalibr. Prüfstift Opt. 1,3.0000
018395,Werks-Kalibr. Prüfstift Satz ab 10 St.,1.5000
018395 SATZ,Werks-Kalibr. Prüfstift Satz ab 10 St.,2.0000
018400 10-20,Werks-Kalibr. Grenzlehrdorn Option 4,5.0000
018400 100,Werks-Kalibr. Grenzlehrdorn Option 4,7.0000
018400 20,Werks-Kalibr. Grenzlehrdorn Option 4,6.0000
018400 200,Werks-Kalibr. Grenzlehrdorn Option 4,18.0000
018400 60,Werks-Kalibr. Grenzlehrdorn Option 4,7.0000
018405 100,Werks-Kalibr. Grenzlehrdorn Option 4,7.0000
018405 20,Werks-Kalibr. Grenzlehrdorn Option 4,4.0000
018405 200,Werks-Kalibr. Grenzlehrdorn Option 4,14.0000
018405 60,Werks-Kalibr. Grenzlehrdorn Option 4,6.0000
018410 100,Werks-Kalibr. Gut/Aussch.lehrdorn Opt. 4,7.0000
018410 20,Werks-Kalibr. Gut/Aussch.lehrdorn Opt. 4,4.0000
018410 200,Werks-Kalibr. Gut/Aussch.lehrdorn Opt. 4,8.0000
018410 300,Werks-Kalibr. Gut/Aussch.lehrdorn Opt. 4,10.0000
018410 60,Werks-Kalibr. Gut/Aussch.lehrdorn Opt. 4,6.0000
018415 100,Werks-Kalibr. Gut/Aussch-Lehrdorn Opt. 4,7.0000
018415 20,Werks-Kalibr. Gut/Aussch-Lehrdorn Opt. 4,4.0000
018415 200,Werks-Kalibr. Gut/Aussch-Lehrdorn Opt. 4,8.0000
018415 300,Werks-Kalibr. Gut/Aussch-Lehrdorn Opt. 4,12.0000
018415 60,Werks-Kalibr. Gut/Aussch-Lehrdorn Opt. 4,6.0000
018420 200,Werks-Kalibr. Grenzrachenlehre,18.0000
018420 50,Werks-Kalibr. Grenzrachenlehre,7.0000
018425 100,Werks-Kalibr. Grenzrachenlehre,10.0000
018425 200,Werks-Kalibr. Grenzrachenlehre,10.0000
018425 300,Werks-Kalibr. Grenzrachenlehre,20.0000
018425 400,Werks-Kalibr. Grenzrachenlehre,17.0000
018425 50,Werks-Kalibr. Grenzrachenlehre,7.0000
018425 500,Werks-Kalibr. Grenzrachenlehre,17.0000
018425 600,Werks-Kalibr. Grenzrachenlehre,22.0000
018430 100,Werks-Kalibr. Einstellring Option 4,7.0000
018430 2,Werks-Kalibr. Einstellring Option 4,12.0000
018430 200,Werks-Kalibr. Einstellring Option 4,8.0000
018430 300,Werks-Kalibr. Einstellring Option 4,12.0000
018430 50,Werks-Kalibr. Einstellring Option 4,7.0000
018430 500,Werks-Kalibr. Einstellring Option 4,15.0000
018435 1,Werks-Kalibr. Einstellring Opt. 4 <1mm,24.0000
018435 100,Werks-Kalibr. Einstellring Option 4,7.0000
018435 2,Werks-Kalibr. Einstellring Option 4,12.0000
018435 200,Werks-Kalibr. Einstellring Option 4,8.0000
018435 300,Werks-Kalibr. Einstellring Option 4,12.0000
018435 50,Werks-Kalibr. Einstellring Option 4,7.0000
018435 500,Werks-Kalibr. Einstellring Option 4,15.0000
018440 200,Akkr. Kalibr. Grenzlehrdorn Opt.2,10.0000
018445 200,Akkr.Kal.(DAkkS) Grenzlehrdorn  Opt. 2,32.0000
018445 60,Akkr.Kal.(DAkkS) Grenzlehrdorn  Opt. 2,30.0000
018455 200,Akkr.Kal.(DAkkS) Lehrdorn eins. Opt. 2,40.0000
018455 60,Akkr.Kal.(DAkkS) Lehrdorn eins. Opt. 2,35.0000
018460 200,Werks-Kalibr. Feinzeigerrachenlehre,20.0000
018465 200,Werks-Kalibr. Feinzeigerrachenlehre,15.3000
018470 200,Akkr. Kalibr. Einstellring Opt. 2,24.0000
018475 2-50,Akkr.Kal.(DAkkS) Einstellring Opt. 2,28.0000
018475 200,Akkr.Kal.(DAkkS) Einstellring Opt. 2,24.0000
018480 100,Werks-Kalibr. Gewinde-Grenzrollenlehre,12.0000
018485 10,Werks-Kalibr. Gewinde-Grenzrollenlehre,10.0000
018485 100,Werks-Kalibr. Gewinde-Grenzrollenlehre,12.0000
018485 200,Werks-Kalibr. Gewinde-Grenzrollenlehre,16.0000
018490,Werks-Kalibr. Einstellmeister,10.0000
018495,Werks-Kalibr. Einstellmeister,10.0000
018500,Werks-Kalibr. Haltefuss für Endmaßhalter,8.5000
018505,Werks-Kalibr. Haltefuss für Endmaßhalter,8.5000
018520,Werks-Kalibr. Endmaßhalter,8.5000
018525,Werks-Kalibr. Endmaßhalter,8.5000
018530,Werks-Kalibr. einstellbare Rachenlehre,12.0000
018535,Werks-Kalibr. Feinzeiger- Rachenlehre,8.5000
018540 100,Werks-Kalibr. Einstellring Option 3,7.0000
018540 2,Werks-Kalibr. Einstellring Option 3,12.0000
018540 200,Werks-Kalibr. Einstellring Option 3,8.0000
018540 300,Werks-Kalibr. Einstellring Option 3,12.0000
018540 50,Werks-Kalibr. Einstellring Option 3,30.0000
018540 500,Werks-Kalibr. Einstellring Option 3,15.0000
018545 100,Werks-Kalibr. Einstellring Option 3,7.0000
018545 2,Werks-Kalibr. Einstellring Option 3,12.0000
018545 200,Werks-Kalibr. Einstellring Option 3,8.0000
018545 300,Werks-Kalibr. Einstellring Option 3,12.0000
018545 50,Werks-Kalibr. Einstellring Option 3,7.0000
018545 500,Werks-Kalibr. Einstellring Option 3,15.0000
018550 100,Werks-Kalibr. Einstellring Option 2,24.0000
018550 2,Werks-Kalibr. Einstellring Option 2,30.0000
018550 200,Werks-Kalibr. Einstellring Option 2,24.0000
018550 50,Werks-Kalibr. Einstellring Option 2,24.0000
018555 100,Werks-Kalibr. Einstellring Option 2,24.0000
018555 2,Werks-Kalibr. Einstellring Option 2,30.0000
018555 200,Werks-Kalibr. Einstellring Option 2,24.0000
018555 50,Werks-Kalibr. Einstellring Option 2,24.0000
018560 100,Werks-Kalibr. Einstellring Option 1,36.0000
018560 200,Werks-Kalibr. Einstellring Option 1,36.0000
018560 50,Werks-Kalibr. Einstellring Option 1,36.0000
018565 100,Werks-Kalibr. Einstellring Option 1,36.0000
018565 2,Werks-Kalibr. Einstellring Option 1,36.0000
018565 200,Werks-Kalibr. Einstellring Option 1,36.0000
018565 50,Werks-Kalibr. Einstellring Option 1,36.0000
018570 100,DAkkS Kalibrierung Grenzlehrdorn (Opt.1),30.0000
018570 200,Akkr. Kalibr. Grenzlehrdorn Opt.1,35.0000
018575 200,Akkr.Kal.(DAkkS) Grenzlehrdorn  Opt. 1,20.0000
018575 60,Akkr.Kal.(DAkkS) Grenzlehrdorn  Opt. 1,35.0000
018580 100,Werks-Kalibr. Gut/Auss.GW-Lehrdorn Opt.1,8.0000
018580 150,Werks-Kalibr. Gut/Auss.GW-Lehrdorn Opt.1,9.0000
018580 20,Werks-Kalibr. Gut/Auss.GW-Lehrdorn Opt.1,4.5000
018580 200,Werks-Kalibr. Gut/Auss.GW-Lehrdorn Opt.1,12.0000
018580 3,Werks-Kalibr. Gut/Auss.GW-Lehrdorn Opt.1,4.0000
018580 300,Werks-Kalibr. Gut/Auss.GW-Lehrdorn Opt.1,15.0000
018580 60,Werks-Kalibr. Gut/Auss.GW-Lehrdorn Opt.1,5.0000
018585 100,Werks-Kalibr. Gut/Auss.GW-Lehrdorn Opt.1,8.0000
018585 150,Werks-Kalibr. Gut/Auss.GW-Lehrdorn Opt.1,9.0000
018585 20,Werks-Kalibr. Gut/Auss.GW-Lehrdorn Opt.1,4.5000
018585 200,Werks-Kalibr. Gut/Auss.GW-Lehrdorn Opt.1,15.0000
018585 3,Werks-Kalibr. Gut/Auss.GW-Lehrdorn Opt.1,4.0000
018585 300,Werks-Kalibr. Gut/Auss.GW-Lehrdorn Opt.1,15.0000
018585 350,Werks-Kalibr. Gut/Auss.GW-Lehrdorn Opt.1,20.0000
018585 60,Werks-Kalibr. Gut/Auss.GW-Lehrdorn Opt.1,5.0000
018590 200,DAkkS Kalibrierung Lehrdorn eins.Opt. 1,20.0000
018595 200,Akkr.Kal.(DAkkS) Lehrdorn eins. Opt. 1,40.0000
018595 60,Akkr.Kal.(DAkkS) Lehrdorn eins. Opt. 1,35.0000
018600 100,Werks-Kalibr. Gew.-Grenzlehrdorn Opt. 1,5.0000
018600 20,Werks-Kalibr. Gew.-Grenzlehrdorn Opt. 1,5.0000
018600 200,Werks-Kalibr. Gew.-Grenzlehrdorn Opt. 1,20.0000
018600 3,Werks-Kalibr. Gew.-Grenzlehrdorn Opt. 1,6.0000
018600 60,Werks-Kalibr. Gew.-Grenzlehrdorn Opt. 1,6.0000
018605 100,Werks-Kalibr. Gew.-Grenzlehrdorn Opt. 1,8.0000
018605 20,Werks-Kalibr. Gew.-Grenzlehrdorn Opt. 1,4.5000
018605 200,Werks-Kalibr. Gew.-Grenzlehrdorn Opt. 1,20.0000
018605 3,Werks-Kalibr. Gew.-Grenzlehrdorn Opt. 1,6.0000
018605 60,Werks-Kalibr. Gew.-Grenzlehrdorn Opt. 1,6.0000
018610 100,Werks-Kalibr. Gewindelehrring Option 1,11.0000
018610 20,Werks-Kalibr. Gewindelehrring Option 1,7.0000
018610 200,Werks-Kalibr. Gewindelehrring Option 1,15.0000
018610 3,Werks-Kalibr. Gewindelehrring Option 1,5.0000
018610 60,Werks-Kalibr. Gewindelehrring Option 1,9.0000
018615 100,Werks-Kalibr. Gewindelehrring Option 1,10.0000
018615 160,Werks-Kalibr. Gewindelehrring Option 1,15.0000
018615 20,Werks-Kalibr. Gewindelehrring Option 1,6.0000
018615 200,Werks-Kalibr. Gewindelehrring Option 1,15.0000
018615 235,Werks-Kalibr. Gewindelehrring Option 1,30.0000
018615 3,Werks-Kalibr. Gewindelehrring Option 1,5.0000
018615 60,Werks-Kalibr. Gewindelehrring Option 1,8.0000
018630 100,Werks-Kalibr. kegel. Gew.-grenzlehrdorn,15.0000
018630 150,Werks-Kalibr. kegel. Gew.-grenzlehrdorn,16.0000
018630 20,Werks-Kalibr. kegel. Gew.-grenzlehrdorn,8.0000
018630 60,Werks-Kalibr. kegel. Gew.-grenzlehrdorn,8.0000
018635 150,Werks-Kalibr. kegel. Gew.-grenzlehrdorn,18.0000
018635 20,Werks-Kalibr. kegel. Gew.-grenzlehrdorn,11.0000
018635 60,Werks-Kalibr. kegel. Gew.-grenzlehrdorn,14.0000
018640 100,Werks-Kalibr. kegeliger Gewindelehrring,20.0000
018640 20,Werks-Kalibr. kegeliger Gewindelehrring,11.0000
018640 60,Werks-Kalibr. kegeliger Gewindelehrring,14.0000
018645 100,Werks-Kalibr. kegeliger Gewindelehrring,15.0000
018645 150,Werks-Kalibr. kegeliger Gewindelehrring,20.0000
018645 160,Werks-Kalibr. kegeliger Gewindelehrring,16.0000
018645 20,Werks-Kalibr. kegeliger Gewindelehrring,11.0000
018645 60,Werks-Kalibr. kegeliger Gewindelehrring,14.0000
018650,DAkkS Kalibrierung Prüfstift (Opt.1),3.0000
018650 100,Akkr. Kalibr. Prüfstift Opt.1,3.0000
018650 2-20,DAkkS Kalibrierung Prüfstift (Opt.1),30.0000
018650 20,Akkr. Kalibr. Prüfstift Opt.1,2.0000
018655 100,Akkr. Kalibr. Prüfstift Opt.1,3.0000
018655 2-20,DAkkS Kalibrierung Prüfstift (Opt.1),2.0000
018655 20,Akkr.Kal.(DAkkS) Prüfstift Option 1,3.0000
018665 200,Werks-Kalibr. Grenzlehrdorn Option 3,10.0000
018675 200,Werks-Kalibr. Grenzlehrdorn Option 2,30.0000
018685 200,Werks-Kalibr. Grenzlehrdorn Option 1,35.0000
018690 200,Akkr. Kalibr. Einstellring Opt.1,38.0000
018695 2-50,Akkr.Kal.(DAkkS) Einstellring Opt. 1,38.0000
018695 200,Akkr.Kal.(DAkkS) Einstellring Opt. 1,38.0000
018700 100,Werks-Kalibr. Kegel-Lehrdorn,16.0000
018700 100/A,Werks-Kalibr. Kegel-Lehrdorn mit Absatz,42.0000
018700 200,Werks-Kalibr. Kegel-Lehrdorn,18.0000
018700 200/A,Werks-Kalibr. Kegel-Lehrdorn mit Absatz,42.0000
018700 50,Werks-Kalibr. Kegel-Lehrdorn,20.0000
018700 50/A,Werks-Kalibr. Kegel-Lehrdorn mit Absatz,42.0000
018705 100,Werks-Kalibr. Kegel-Lehrdorn,17.0000
018705 100/A,Werks-Kalibr. Kegel-Lehrdorn mit Absatz,24.0000
018705 200,Werks-Kalibr. Kegel-Lehrdorn,19.0000
018705 200/A,Werks-Kalibr. Kegel-Lehrdorn mit Absatz,30.0000
018705 300,Werks-Kalibr. Kegel-Lehrdorn,60.0000
018705 50,Werks-Kalibr. Kegel-Lehrdorn,15.0000
018705 50/A,Werks-Kalibr. Kegel-Lehrdorn mit Absatz,22.0000
018710 100,Werks-Kalibr. Kegel-Lehrring,20.0000
018710 200,Werks-Kalibr. Kegel-Lehrring,20.0000
018710 200/A,Werks-Kalibr. Kegel-Lehrring mit Absatz,30.0000
018710 50,Werks-Kalibr. Kegel-Lehrring,16.0000
018710 50/A,Werks-Kalibr. Kegel-Lehrring mit Absatz,30.0000
018715 100,Werks-Kalibr. Kegel-Lehrring,18.0000
018715 100/A,Werks-Kalibr. Kegel-Lehrring mit Absatz,20.0000
018715 150/A,Werks-Kalibr. Kegel-Lehrring mit Absatz,14.0000
018715 200,Werks-Kalibr. Kegel-Lehrring,20.0000
018715 200/A,Werks-Kalibr. Kegel-Lehrring mit Absatz,22.0000
018715 50,Werks-Kalibr. Kegel-Lehrring,16.0000
018715 50/A,Werks-Kalibr. Kegel-Lehrring mit Absatz,18.0000
018725 200,Werks-Kalibr. Gut/Aussch.-Lehrdorn Opt.3,7.0000
018725 60,Werks-Kalibr. Gut/Aussch.-Lehrdorn Opt.3,6.0000
018735 200,Werks-Kalibr. Gut/Aussch.-Lehrdorn Opt.2,30.0000
018745 200,Werks-Kalibr. Gut/Aussch.-Lehrdorn Opt.1,30.0000
018750 500,Werks-Kalibr. Sinuslineal,32.0000
018755 500,Werks-Kalibr. Sinuslineal,23.0000
018760 100,DAkkS Kalibrierung Grenzlehrdorn Opt.3,8.0000
018760 200,DAkkS Kalibrierung Grenzlehrdorn Opt.3,12.0000
018765 200,Akkr.Kal.(DAkkS) Grenzlehrdorn  Opt. 3,12.0000
018765 60,Akkr.Kal.(DAkkS) Grenzlehrdorn  Opt. 3,8.0000
018770 60,DAkkS Kalibrierung Lehrdorn einseit Opt3,5.8000
018775 200,Akkr.Kal.(DAkkS) Lehrdorn eins. Opt. 3,10.0000
018775 60,Akkr.Kal.(DAkkS) Lehrdorn eins. Opt. 3,6.0000
018780,Werks-Kalibr. Gewindemessdrahtsatz,10.0000
018785,Werks-Kalibr. Gewindemessdrahtsatz,10.0000
018790 200,Akkr. Kalibr. Einstellring Opt. 3,9.0000
018795 2-50,Akkr.Kal.(DAkkS) Einstellring Opt. 3,8.0000
018795 200,Akkr.Kal.(DAkkS) Einstellring Opt. 3,9.0000
018800,Werks-Kalibr. Geometrienormal,18.0000
018805,Werks-Kalibr. Geometrienormal,18.0000
018820 1000,Werks-Kalibr. Drehmomentschlüssel,15.0000
018820 1000/2,Werks-Kalibr. Drehmomentschlüssel,20.3000
018820 2000,Werks-Kalibr. Drehmomentschlüssel,30.0000
018820 400,Werks-Kalibr. Drehmomentschlüssel,15.0000
018820 400/2,Werks-Kalibr. Drehmomentschlüssel,18.0000
018820 5000,Werks-Kalibr. Drehmomentschlüssel,41.3000
018821 1000/2,Werks-Kalibr. Drehmomentschlüssel,30.0000
018821 400/2,Werks-Kalibr. Drehmomentschlüssel,18.0000
"018825 0,02-10",Werks-Kalibr. Drehmomentschlüssel,13.5000
"018825 0,02-10/2",Werks-Kalibr. Drehmomentschlüssel,17.3000
"018825 0,02-7",Werks-Kalibr. Drehmomentschlüssel,12.8000
"018825 0,02-7/2",Werks-Kalibr. Drehmomentschlüssel,13.5000
018825 1000,Werks-Kalibr. Drehmomentschlüssel,15.0000
018825 1000/2,Werks-Kalibr. Drehmomentschlüssel,22.5000
018825 2000,Werks-Kalibr. Drehmomentschlüssel,30.0000
018825 2000/2,Werks-Kalibr. Drehmomentschlüssel,45.0000
018825 3000,Werks-Kalibr. Drehmomentschlüssel,31.9000
018825 400,Werks-Kalibr. Drehmomentschlüssel,17.3000
018825 400/2,Werks-Kalibr. Drehmomentschlüssel,21.0000
018825 5000,Werks-Kalibr. Drehmomentschlüssel,33.8000
018826,Bearbeitungspauschale für zusätzliche,5.0000
018826 MP,Kosten für zusätzliche Messpunkte,5.0000
018826 MPD,zusätzlicher Messpunkt Druck,5.0000
018826 MPDM,zusätzlicher Messpunkt  Drehmoment,8.0000
018826 MPE,zusätzliche  Messgrösse Elektro,5.0000
018826 MPEK,zusätzlicher Kanal,15.0000
018826 MPL,zusätzlicher Messpunkt Länge,5.0000
018826 MPTF,zusätzlicher Messpunkt Feuchte,5.0000
018826 MPTH,Meßpunkt im Hochtemperaturbereich,45.0000
018826 MPTI,zusätzlicher Messpunkt,5.0000
018826 PEM5,Akkr.Kal.(DAkkS) 5-Punkt-Messung,60.0000
018830 1000,DAkkS Kalibrierung Drehmomentschlüssel,45.0000
018830 1000/2,DAkkS Kalibrierung Drehmomentschlüssel,82.5000
018831 1000/2,DAkkS Kalibrierung Drehmomentschlüssel,67.5000
018835 1000,Akkr.Kal.(DAkkS) Drehmomentschlüssel,45.0000
018835 1000/2,Akkr.Kal.(DAkkS) Drehmomentschlüssel,67.5000
018835 1500,Akkr.Kal.(DAkkS) Drehmomentschlüssel,75.0000
018835 1500/2,Akkr.Kal.(DAkkS) Drehmomentschlüssel,105.0000
018840 1000,DAkkS Kalibrierung Drehmomentprüfgerät,80.0000
018840 1000/2,DAkkS Kalibrierung Drehmomentprüfgerät,75.0000
018845 1000,Akkr.Kal.(DAkkS) Drehmomentprüfgerät,65.0000
018845 1000/2,Akkr.Kal.(DAkkS) Drehmomentprüfgerät,85.0000
018850,Werks-Kalibr. Drehwinkel an Drehmoment-,30.0000
018855,Werks-Kalibr. Drehwinkel an Drehmoment-,37.5000
018860 1000,Werks-Kalibr. Drehmomentprüfgerät,50.0000
018860 1000/2,Werks-Kalibr. Drehmomentprüfgerät,75.0000
018860 400,Werks-Kalibr. Drehmomentprüfgerät,55.0000
018860 400/2,Werks-Kalibr. Drehmomentprüfgerät,60.0000
018865 1000,Werks-Kalibr. Drehmomentprüfgerät,55.0000
018865 1000/2,Werks-Kalibr. Drehmomentprüfgerät,75.0000
018865 400,Werks-Kalibr. Drehmomentprüfgerät,45.0000
018865 400/2,Werks-Kalibr. Drehmomentprüfgerät,60.0000
018870,Werks-Kalibr. Dosen/Hülsenfederwaage,10.2000
018875,Werks-Kalibr. Dosen/Hülsenfederwaage,15.0000
018885,Justage Drehmoment,30.0000
018888,Reparaturabwicklung Drehmomentschlüssel,35.0000
018889,umfangreiche Reparatur - Drehmoment-,45.0000
018890,Einstellung Drehmomentschlüssel,25.0000
018891 1000,Werks-Kalibr. + Einstellung Drehmoment-,45.0000
018891 400,Werks-Kalibr. + Einstellung Drehmoment-,15.0000
018895,Werks-Kalibr. Drehmoment-Abschalt-,18.0000
018920 100,Werks-Kalibr. Waage bis 100 Kg,40.0000
018920 150,Werks-Kalibr. Waage bis 150 Kg,40.0000
018920 50,Werks-Kalibr. Waage bis 50 Kg,22.6000
018925 100,Werks-Kalibr. Waage bis 100 kg,40.0000
018925 150,Werks-Kalibr. Waage bis 150 kg,40.0000
018925 2,Werks-Kalibr. Waage bis 2 kg,22.6000
018925 200,Werks-Kalibr. Waage bis 200 kg,40.0000
018925 50,Werks-Kalibr. Waage bis 50 kg,22.6000
018935,Nacharbeit  Parallelendmaß,3.0000
018975,Messkrafteinstellung bei Bügel- und,8.0000
019025 150,Werks-Kalibr. Gut/Auss.GW-Lehrdorn Opt.2,20.0000
019035 150,Werks-Kalibr. Gut/Auss.GW-Lehrdorn Opt.3,20.0000
019035 90,Werks-Kalibr. Gut/Auss.GW-Lehrdorn Opt.3,7.0000
019045 150,Werks-Kalibr. Gut/Auss.GW-Lehrdorn Opt.4,20.0000
019045 90,Werks-Kalibr. Gut/Auss.GW-Lehrdorn Opt.4,7.0000
019055 150,Werks-Kalibr. Gewindegrenzlehrdorn Opt.2,15.0000
019060 150,Werks-Kalibr. Gewindegrenzlehrdorn Opt.3,60.0000
019065 150,Werks-Kalibr. Gewindegrenzlehrdorn Opt.3,15.0000
019065 90,Werks-Kalibr. Gewindegrenzlehrdorn Opt.3,4.5000
019070 150,Werks-Kalibr. Gewindegrenzlehrdorn Opt.4,15.0000
019070 90,Werks-Kalibr. Gewindegrenzlehrdorn Opt.4,5.0000
019075 150,Werks-Kalibr. Gewindegrenzlehrdorn Opt.4,15.0000
019075 90,Werks-Kalibr. Gewindegrenzlehrdorn Opt.4,4.5000
019080 60,Werks-Kalibr. Gewindelehrring Opt. 2,8.0000
019085 150,Werks-Kalibr. Gewindelehrring Option 2,11.0000
019085 90,Werks-Kalibr. Gewindelehrring Opt. 2,11.0000
019095 150,Werks-Kalibr. Gewindelehrring Option 3,11.0000
019095 90,Werks-Kalibr. Gewindelehrring Opt. 3,11.0000
019100 150,Werks-Kalibr. Gewindelehrring Opt. 4,11.0000
019100 90,Werks-Kalibr. Gewindelehrring Opt. 4,11.0000
019105 150,Werks-Kalibr. Gewindelehrring Option 4,11.0000
019105 90,Werks-Kalibr. Gewindelehrring Opt. 4,11.0000
019150 60,Werks-Kalibr. Gewindelehrdorn mit,20.0000
019155 60,Werks-Kalibr. Gewindelehrdorn mit,20.0000
019160,Akkr. Kalibr. Gewindemessdrahtsatz,15.0000
019165,Akkr.Kal.(DAkkS) Gewindemessdrahtsatz,15.0000
019205,Datenausgangsprüfung f.Längenmessmittel,5.0000
019205 B,Datenausgangsprüfung f.Messschrauben,2.0000
019205 M,Datenausgangsprüfung f.Messschieber,2.0000
019205 U,Datenausgangsprüfung f.Messuhren,2.0000
019555 150,Akkr.Kal.(DAkkS) Gut/Aus.-Gewindelehr-,15.0000
019560 60,Akkr. Kalibr. GW-LD mit Tiefenmessung,22.0000
019565 60,Akkr.Kal.(DAkkS) Gewindelehrdorn,22.0000
019575 150,Akkr.Kal.(DAkkS) Gut/Aus.-Gewindelehr-,15.0000
019580 150,Akkr. Kalibr. Gut/Aus-.Gewindelehrdorn,15.0000
019580 90,DAkkS Kalibrierung Gu/Au.Gewindelehrdorn,7.0000
019585 150,Akkr.Kal.(DAkkS) Gut/Aus.-Gewindelehr-,15.0000
019585 90,Akkr.Kal.(DAkkS) Gut/Aus.-Gewindelehr-,7.0000
019595 150,Akkr.Kal.(DAkkS) Gut/Aus.-Gewindelehr-,15.0000
019600 90,DAkkS Kalibrierung Gew.Grenzlehrd.Opt1,8.0000
019605 150,Akkr.Kal.(DAkkS) Gewinde-Grenzlehrdorn,15.0000
019605 90,Akkr.Kal.(DAkkS) Gewinde-Grenzlehrdorn,8.0000
019610 100,DAkkS Kalibrierung Gewindelehrring Opt.1,12.0000
019610 60,DAkkS Kalibrierung Gewindelehrring Opt.1,23.0000
019615 100,Akkr.Kal.(DAkkS) Gewindelehrring Opt. 1,12.0000
019615 160,Akkr.Kal.(DAkkS) Gewindelehrring Opt. 1,15.0000
019615 20,Akkr.Kal.(DAkkS) Gewindelehrring Opt. 1,7.0000
019615 60,DAkkS Kalibrierung Gewindelehrring Opt.1,23.0000
019620 200,DAkkS Kalibrierung Grenzlehrdorn Opt.4,20.0000
019620 60,DAkkS Kalibrierung Grenzlehrdorn Opt.4,8.0000
019625 100,DAkkS Kalibrierung Grenzlehrdorn Opt.4,7.0000
019625 200,Akkr.Kal.(DAkkS) Grenzlehrdorn  Opt. 4,12.0000
019625 60,Akkr.Kal.(DAkkS) Grenzlehrdorn  Opt. 4,7.0000
019630 90,DAkkS Kalibrierung kegelig Gewindegrenz-,16.0000
019635 90,Akkr.Kal.(DAkkS) kegeliger Gewinde-,16.0000
019640 100,DAkkS Kalibrierung kegelig.Gew-Lehrring,16.0000
019645 100,DAkkS Kalibrierung kegelig.Gew-Lehrring,16.0000
019645 160,Akkr.Kal.(DAkkS) kegeliger Gewinde-,15.0000
019650 200,Akkr. Kalibr. Gut/Aus.-Lehrdorn Opt. 4,15.0000
019655 200,Akkr.Kal.(DAkkS) G/A-LD Opt. 4,10.0000
019655 60,Akkr.Kal.(DAkkS) G/A LD Opt. 4,6.0000
019660 200,DAkkS Kalibrierung Einstellring Option 4,9.0000
019660 50,DAkkS Kalibrierung Einstellring Option 4,8.0000
019665 2-50,Akkr.Kal.(DAkkS) Einstellring Opt. 4,8.0000
019665 200,Akkr.Kal.(DAkkS) Einstellring Opt. 4,9.0000
019675 160,Akkr.Kal.(DAkkS) Gewindelehrring Opt. 2,15.0000
019700 50,DAkkS Kalibriert - Waagen bis 50KG,45.0000
019705 50,Akkr.Kal.(DAkkS) Waage bis 50 kg,30.0000
019755,Akkr.Kal.(DAkkS) Prüfstift Option 1,1.5000
019755 SATZ,DAkkS Kalibrierung Prüfstift ab 10 St,1.5000
019765 160,Akkr.Kal.(DAkkS) Gewindelehrring Opt. 3,15.0000
019775 160,Akkr.Kal.(DAkkS) Gewindelehrring Opt. 4,15.0000
019801 AST,Messmittelfähigkeit Außen-Schnelltaster,45.0000
019801 BM10,Messmittelfähigkeit Rollbandmaß bis 10m,45.0000
019801 BM20,Messmittelfähigkeit Rollbandmaß bis 20m,45.0000
019801 BMS,Messmittelfähigkeit Bügelmesschrauben,45.0000
019801 DG,Messmittelfähigkeit Drehmo-Prüfgerät,45.0000
019801 DS25,Messmittelfähigkeit Drehmo-Schlüssel,45.0000
019801 DS50,Messmittelfähigkeit Drehmo-Schlüssel,45.0000
019801 FW,Messmittelfähigkeit Federwaagen,45.0000
019801 HMG,Messmittelfähigkeit Höhenmessgerät,45.0000
019801 IMS,Messmittelfähigkeit 3-Pkt-Innenmessschr.,45.0000
019801 IST,Messmittelfähigkeit Innen-Schnelltaster,45.0000
019801 MS,Messmittelfähigkeit Messschieber,45.0000
019801 MU,Messmittelfähigkeit MU + Fühlhebel,45.0000
019803 AST,Messmittelfähigkeit Außen-Schnelltaster,45.0000
019803 BM10,Messmittelfähigkeit Rollbandmaß bis 10m,45.0000
019803 BM20,Messmittelfähigkeit Rollbandmaß bis 20m,45.0000
019803 BMS,Messmittelfähigkeit Bügelmesschrauben,45.0000
019803 DG,Messmittelfähigkeit Drehmo-Prüfgerät,45.0000
019803 DS25,Messmittelfähigkeit Drehmo-Schlüssel,45.0000
019803 DS50,Messmittelfähigkeit Drehmo-Schlüssel,45.0000
019803 FW,Messmittelfähigkeit Federwaagen,45.0000
019803 HMG,Messmittelfähigkeit Höhenmessgerät,45.0000
019803 IMS,Messmittelfähigkeit 3-Pkt-Innenmessschr.,45.0000
019803 IST,Messmittelfähigkeit Innen-Schnelltaster,45.0000
019803 MS,Messmittelfähigkeit Messschieber/Winkelm,45.0000
019803 MU,Messmittelfähigkeit MU + Fühlhebel,45.0000
019921,Batteriewechsel inkl.Batterie,3.0000
019925 SPEZIAL,"Sicherungswechsel, Spezialsicherung",3.0000
019925 STANDARD,"Sicherungswechsel, Standardsicherung",3.0000
019933 REP,Reparatur Drehmomentschlüssel,20.0000
019935,Kleinreparaturen  Handmessmittel,5.0000
019941,Zusatzaufwand durch Sonderform,15.0000
020010 1000,Kal. Drehmomentschlüssel,15.0000
020010 2000,Kal. Drehmomentschlüssel,30.0000
020010 400,Kal. Drehmomentschlüssel,15.0000
020020 1000,Akkr. Kalibr. Drehmomentschl. eins.,45.0000
020030 1000/2,Kal. Drehmomentschlüssel 2-seitig,20.3000
020030 400/2,Kal. Drehmomentschl. beidseitig,18.0000
020040 1000/2,Akkr. Kalibr. Drehmomentschl. zweis.,82.5000
020070 W,Kal. Drehwinkel,30.0000
020080 SET,Einstellung Drehmomentschl. ohne Skala,18.8000
020090 1000,Einstellung + Kal. Drehm. ohne Skala,45.0000
020090 400,Einstellung + Kal. Drehm. ohne Skala,15.0000
020120 1000,Kalibr. Drehmomentprüfgeräte,50.0000
020120 400,Kalibr. Drehmomentprüfgeräte,45.0000
"020130 0,1-1100",Akkr. Kalibr. Drehmomentprüfgerät,80.0000
020140 1000/2,Kal. Drehmomentprüfgerät 1000/2,75.0000
020140 400/2,Kal. Drehmomentprüfgerät 400/2,60.0000
"020150 0,1-1100/2",Akkr. Kalibr. Drehmomentprüfgerät,85.0000
"020170 0,04-20",Kalibrierung Einstell. Drehmomentschraub,14.3000
020190 1000,Akkr. Kalibrier.+Einstell. Drehm.o.Skala,56.3000
"020200 0,04-20",Kal. Drehmomentschraubendreher,14.3000
"020260 0,04-20/2",Kal. Drehmomentschraubend 2-seitig,22.5000
020550 12-25,Kal. Innenmessschrauben-Satz,19.8000
020650 3-12,Kalibrierung Grenzlehrdorn-Satz,40.0000
020660 3-12,Akkr. Kalibrierung Grenzlehrdorn-Satz,55.0000
020700 M3-M12,Kal. Grenzlehrdorn-Satz,40.0000
020710 M3-M12,Akkr. Kal. Gewinde-Grenzlehrdorn-Satz,55.0000
020740 M3-M12,Kal. Gewinde-Lehrring-Satz,50.0000
020750 M3-M12,Akkreditierte Kalibrierung Lehrringe,55.0000
020850 10,Kalibrierung Endmaß Satz Option 3,50.0000
020850 103,Kalibrierung Endmaß Satz Option 3,257.5000
020850 32,Kalibrierung Endmaß Satz Option 3,96.0000
020850 47,Kalibrierung Endmaß Satz Option 3,140.0000
020850 8,Kalibrierung Endmaß Satz Option 3,40.0000
020850 87,Kalibrierung Endmaß Satz Option 3,215.0000
020860 10,Akkr. Kalibr.Endmaß Satz Stahl Option 3,90.0000
020860 103,Akkr. Kalibr.Endmaß Satz Stahl Option 3,825.0000
020860 32,Akkr. Kalibr.Endmaß Satz Stahl Option 3,290.0000
020860 47,Akkr. Kalibr.Endmaß Satz Stahl Option 3,376.0000
020860 8,Akkr. Kalibr.Endmaß Satz Stahl Option 3,72.0000
020860 87,Akkr. Kalibr.Endmaß Satz Stahl Option 3,690.0000
020870 10,Akkr. Kalibr EndmaßSatz Keramik Option 3,90.0000
020870 32,Akkr. Kalibr EndmaßSatz Keramik Option 3,290.0000
020870 47,Akkr. Kalibr EndmaßSatz Keramik Option 3,376.0000
020870 87,Akkr. Kalibr EndmaßSatz Keramik Option 3,690.0000
020880 100,Kal. Prüfstift-Satz,150.0000
020880 101,Kal. Prüfstift-Satz,150.0000
020880 41,Kal. Prüfstift-Satz,62.0000
020880 45,Kal. Prüfstift-Satz,68.0000
020880 50,Kal. Prüfstift-Satz,75.0000
020880 81,Kal. Prüfstift-Satz,122.0000
020880 91,Kal. Prüfstift-Satz,137.0000
020890 100,Akkr. Kalibrierung Prüfstift-Satz,150.0000
020890 101,Akkr. Kalibrierung Prüfstift-Satz,150.0000
020890 41,Akkr. Kalibrierung Prüfstift-Satz,62.0000
020890 45,Akkr. Kalibrierung Prüfstift-Satz,68.0000
020890 50,Akkr. Kalibrierung Prüfstift-Satz,75.0000
020890 81,Akkr. Kalibrierung Prüfstift-Satz,122.0000
020890 91,Akkr. Kalibrierung Prüfstift-Satz,137.0000
021000 1000,Kal. Mess- und Tiefenmessschieber,13.6000
021000 200,Kal. Mess- und Tiefenmessschieber,4.7000
021000 2000,Kal. Mess- und Tiefenmessschieber,25.0000
021000 300,Kal. Mess- und Tiefenmessschieber,5.9000
021000 3000,Kalibr. Mess/Tiefenmessschieber,25.0000
021000 500,Kal. Mess- und Tiefenmessschieber,8.5000
021010 1000,Akkr. Kalibr. Mess/Tiefenmessschieber,17.3000
021010 200,Akkr. Kalibr. Mess/Tiefenmessschieber,6.7000
021010 300,Akkr. Kalibr. Mess/Tiefenmessschieber,7.2000
021010 3X200,Akkr. Kalibr. Mess/Tiefenmessschieber 3x,30.0000
021010 500,Akkr. Kalibr. Mess/Tiefenmessschieber,13.6000
021220 1000,Kalibr. Haken-Tiefenmessschieber,11.8000
021220 200,Kal. Haken-Tiefenmessschieber,7.9000
021220 300,Kal. Haken-Tiefenmessschieber,7.9000
021220 500,Kal. Haken-Tiefenmessschieber,11.8000
021230 1000,Akkr. Kalibr. Haken-Tiefenmessschieber,17.3000
021230 200,Akkr. Kalibr. Haken-Tiefenmessschieber,11.8000
021230 300,Akkr. Kalibr. Haken-Tiefenmessschieber,11.8000
021230 500,Akkr. Kalibr. Haken-Tiefenmessschieber,13.6000
021400 600,Kal. Universal Messgerät,17.3000
022000 100,Kal. Bügelmessschraube,7.0000
022000 200,Kal. Bügelmessschraube,10.0000
022000 25,Kal. Bügelmessschraube,6.0000
022000 300,Kal. Bügelmessschraube,11.5000
022000 400,Kalibrieren Bügelmessschraube,17.0000
022010 100,Akkr. Kalibr. Bügelmessschrauben,10.0000
022010 200,Akkr. Kalibr. Bügelmessschrauben,15.0000
022010 500,Akkr. Kalibr. Bügelmessschrauben,25.0000
022040 100,Kalib.Bügelmessschraube inkl Einstellmaß,11.4000
022040 200,Kalib.Bügelmessschraube inkl Einstellmaß,15.4000
022040 300,Kalib.Bügelmessschraube inkl Einstellmaß,16.9000
022040 400,Kalib.Bügelmessschraube inkl Einstellmaß,23.4000
022050 100,Akkr. Kal. Bügelmessschraube+Einstellmaß,16.0000
022050 200,Akkr. Kal. Bügelmessschraube+Einstellmaß,21.0000
022050 500,Akkr. Kal. Bügelmessschraube+Einstellmaß,40.0000
022080 100,Kal. Einstellmaß für Messschraube,2.1000
022080 1000,Werks-Kalibr. Prüfmaß,2.5000
022080 300,Werks-Kalibr. Prüfmaß,3.5000
022080 500,Werks-Kalibr. Prüfmaß,5.7000
022090 100,Akkr. Kalibrierung Einstell-/Prüfmaße,8.0000
022090 1000,Akkr. Kalibrierung Einstell-/Prüfmaße,8.0000
022090 900,Akkr. Kal. Einstell-/Prüfmaße,8.0000
022100 200,Kalibrierung Feinzeiger-Messschraube,20.5000
022100 25,Kalibrierung Feinzeiger-Messschraube,10.0000
022280 100,Kal. Einbaumessschr. analog/dig.,15.0000
022280 25,Kal. Einbaumessschr. analog/dig.,10.0000
022320 100,Kal. Gewindeflanken-Messschr. inkl Maß,20.0000
022330 100,Werks-Kalibr. Einstellmaß für Gewinde-,15.0000
022330 400,Werks-Kalibr. Einstellmaß für Gewinde-,15.0000
022340 K,Kal. Einsatzpaar Kimme/Kegel,15.0000
022360 100,Kal. Schnabelmessschraube,18.0000
022360 50,Kal. Schnabelmessschraube,10.0000
022360 75,Kal. Schnabelmessschraube,10.0000
022370 50,Akkr. Kalibr. Schnabelinnenmessschraube,15.0000
022400 200,Kalibrierung Feinzeiger-Bügelmessschraub,18.5000
022400 25,Kalibrier. Feinzeiger-Bügelmessschraube,12.0000
022410 100,Akkr. Kalibr. Feinzeiger-Bügelmessschr.,20.0000
022440 100,Werks-Kalibr. 2Pkt.Innenmessschraube,15.0000
022440 200,Werks-Kalibr. 2Pkt.Innenmessschraube,15.0000
022440 2000,Werks-Kalibr. 2Pkt.Innenmessschraube,47.7000
022440 600,Werks-Kalibr. 2Pkt.Innenmessschraube,25.0000
022450 200,Akkr. Kalibr. 2Pkt.Innenmessschraube,10.0000
022450 950,Akkr. Kalibr. 2Pkt.Innenmessschraube,5.0000
022460 100,Kal. Verl.2-Pkt-Innenmessschraube,10.0000
022460 300,Kal. Verl.2-Pkt-Innenmessschraube,14.0000
022470 300,Akkr. Kal. Verl. 2-Pkt-Innenmessschraube,5.0000
022480 IKT,Kalibr. Innenkanten-Taster,15.0000
022500 100,Kal. 3 PKt.-Innenmessschraube,8.3000
022500 100R,Kal. 3 PKt.-Innenmessschraube inkl. Ring,19.0000
022500 20,Kal. 3 PKt.-Innenmessschraube,7.0000
022500 200,Kal. 3 PKt.-Innenmessschraube,18.3000
022500 300,Kal. 3 PKt.-Innenmessschraube,15.0000
022500 50,Kal. 3 PKt.-Innenmessschraube,7.0000
022510 200,Akkr. Kal. 3-Pkt-Innenmesschr. m/o Ring,15.0000
022510 200R,Akkr. Kal. 3Pkt-Innenmessschr. inkl Ring,25.0000
022580 M,Werks-Kalibr. Messkraftprüfvorrichtung,10.0000
023000 10,Kal. Messuhr,8.0000
023000 100,Kal. Messuhr,15.0000
"023000 12,5",Kal. Messuhr,10.0000
023000 3,Kal. Messuhr,8.0000
023000 30,Kal. Messuhr,11.6000
023000 50,Kal. Messuhr,13.3000
023010 100,Akkreditierte Kalibrierung Messuhr,30.0000
"023010 12,5",Akkreditierte Kalibrierung Messuhr,11.0000
023010 30,Akkreditierte Kalibrierung Messuhr,17.5000
023020 5,"Kal. Messuhr 0,001/ DIN 878",6.0000
023180 10,Kal. 10x Feinzeiger DIN 879,50.0000
023180 3,Kal. 3x Feinzeiger DIN 879,15.0000
023180 FZ,Kal. Feinzeiger DIN 879,5.0000
023190 10,Akkr. Kalibr.10xFeinzeiger Messb.max.3mm,80.0000
023190 3,Akkr. Kalibr. 3xFeinzeiger Messb.max.3mm,24.0000
023190 FZ,Akkr. Kalibr. Feinzeiger Messb. max. 3mm,8.0000
023210 160,Kal. Innen-Feinmessgeräte,6.5000
023210 60,Kal. Innen-Feinmessgeräte,11.0000
023210 800,Kal. Innen-Feinmessgeräte,15.0000
023220 60,Akkr. Kalibrierung Innen-Feinmessgeräte,10.0000
023260 60,Akkr. Kali. Innen-Feinmessge. inkl. Uhr,20.0000
023330 ANALOG,Kal. Fühlhebelmessgeräte DIN2270,10.0000
023330 DIGITAL,Kal. Fühlhebelmessgeräte DIN2270,30.0000
023340 ANALOG,Akkr. Kalibr. Fühlhebelmessgerät,19.5000
023360 B,Kal. Messbrücke,4.4000
023420 200,Kal. Dickenschnellmesser,9.0000
023430 30,Akkr. Kalibrierung Dickenschnellmesser,12.0000
023450 S,Kal. Außen-/Innenschnelltaster,6.0000
023460 S,Akkr. Kalibr. Aussen/Innenschnelltaster,10.0000
023580 3D,Kalibrierung 3 D-Taster,15.0000
024000 1000,Kalibrierung Digitale Höhenmessgeräte,66.0000
024000 400,Kal. Digitale Höhenmessgeräte,55.0000
024000 800,Kal. Digitale Höhenmessgeräte,66.0000
024010 1000,Akkr. Kalibrierung Dig. Höhenmessgerät,71.5000
024010 400,Akkr. Kalibrierung Dig. Höhenmessgerät,60.5000
024010 800,Akkr. Kalibrierung Dig. Höhenmessgerät,66.0000
024580 400X400,Kalibrierung Feinmesstisch,35.0000
024630 1000,Kal. Höhenmessschieber,15.0000
024630 300,Kal. Höhenmessschieber,11.8000
024640 1000,Akkr. Kalibrierung Höhenanreißgerät,71.5000
024640 300,Akkr. Kalibrierung Höhenanreißgerät,10.0000
025000 100,Kal. Winkel Gen. 00/0/1/2,8.9000
025000 300,Kal. Winkel Gen. 00+0/ DIN 875,12.0000
025000 750,Kal. Winkel Gen. 00+0/ DIN 875,22.0000
025010 750,Akkr. Kalibr. Flach/Anschlag/Haarwinkel,15.0000
025710 UNI,Kal. Universalwinkelmesser,20.9000
025720 UNI,Akkr. Kalibrierung Universalwinkelmesser,20.9000
025780 UNI,Akkr. Kalibr. Ersatzschiene Winkelmesser,20.9000
025810 GRAD,Kal. Winkelmesser/Gradmesser,8.0000
025850 300,Kal. Zentrierwinkel DIN 875,20.0000
026000 1000,Werks-Kalibr. Haarlineal,10.5000
026000 200,Kal. Haarlineal/ DIN 874,5.0000
026000 500,Kal. Haarlineal/ DIN 874,7.7000
026010 500,Akkr. Kal. Haarlineal,10.0000
026080 1000,Kal. Flachlineale/ DIN 874,13.2000
026080 2000,Kal. Flachlineale/ DIN 874,17.0000
026080 3000,Kal. Flachlineale/ DIN 874,20.0000
026080 500,Kal. Flachlineale/ DIN 874,9.9000
026090 750,Akkr. Kal. Flachlineal,13.6000
026200 1000,Kalibr. Stahlmaßstab / DIN 866,6.0000
026200 1000/2,Kal. Stahlmaßstab mit 2 Skalen,10.0000
026200 2000,Kal. Stahlmaßstab / DIN 866,6.0000
026200 2000/2,Kal. Stahlmaßstab mit 2 Skalen,12.3000
026200 3000/2,Kal. Stahlmaßstab mit 2 Skalen,22.0000
026200 500,Kalibr. Stahlmaßstab / DIN 866,6.0000
026200 500/2,Kal. Stahlmaßstab mit 2 Skalen,8.0000
026210 1000,Akkreditierte Kalibrierung Stahlmaßstab,12.0000
026210 1000/2,Akkr. Kalibrierung Stahlmaßstab 2 Skalen,25.0000
026210 500,Akkreditierte Kalibrierung Stahlmaßstab,10.0000
026210 500/2,Akkr. Kalibrierung Stahlmaßstab 2 Skalen,20.0000
026240 10,Kal. Rollbandmaß DIN 6403,8.0000
026240 10/2,Kal. Rollbandmaß DIN 6403,10.0000
026240 2,Kal. Rollbandmaß DIN 6403,4.0000
026240 2/2,Werks-Kalibr. Rollbandmaß 2 Skalen,15.0000
026240 5,Kal. Rollbandmaß DIN 6403,7.0000
026240 5/2,Kal. Rollbandmaß DIN 6403,6.0000
026240 50,Kal. Rollbandmaß DIN 6403,20.0000
026250 30,Akkreditierte Kalibrierung Rollbandmaß,25.0000
026250 30/2,Akkreditierte Kalibrierung Rollbandmaß,25.0000
026250 5,Akkreditierte Kalibrierung Rollbandmaß,6.0000
026250 50,Akkreditierte Kalibrierung Rollbandmaß,60.0000
026280 1000,Kal. Umfangsbandmaß,10.0000
026280 3000,Kal. Umfangsbandmaß,20.0000
026280 6000,Kal. Umfangsbandmaß,30.0000
"026600 0,02",Kalibrierung Rahmen-Wasserwaage,15.7000
"026600 0,10",Kalibrierung Rahmen-Wasserwaage,23.0000
"026620 0,02",Kalibrierung Wellen-Wasserwaage,19.0000
"026620 0,10",Kalibrierung Wellen-Wasserwaage,15.0000
"026620 0,40",Kalibrierung Wellen-Wasserwaage,15.0000
"026660 0,40",Kalibrierung Richtwaage bis 2000 mm,7.0000
026680 E,Kalibrierung Richtwaage,7.0000
027000 3,Kalibrierung Digital-Multimeter,25.0000
027010 3,Akkr. Kalibrierung Digital-Multimeter,30.0000
027050 D,Kalibrierung Stromzange,24.0000
027060 D,Akkreditierte Kalibrierung Stromzange,28.0000
027120 S,Kalibrierung Spannungsprüfer,15.0000
027140 S,Kalibrierung VDE 0701/702 Prüfgerät,35.0000
027150 S,Kal. Isolationsprüfgerät,23.0000
027160 S,Akkr. Kalibrierung Spannungsprüfer 1000N,20.0000
027500 1,Kal. Temperaturanzeigegerät,15.0000
027510 1,Akkr. Kalibrierung Temperaturanzeigegerä,15.0000
027520 A,Kal. Temperaturfühler mit/ohne Anzeige,20.0000
027540 A,Akkr. Kal. Temp.fühler mit/ohne Anzeige,20.0000
027560 3,Kalibr. Digi.-Multime. inkl. Temp.fühler,35.0000
027570 3,Akkr.Kal. Digi.-Multi. inkl. Temp.fühl.,35.0000
027600 A,Kal. Infrarot-Temperaturmessgerät,15.0000
027610 A,Akkr. Kalibr. Infrarot-Temperatur-,15.0000
027650 B,Kal. Temp.-Messgerät Raumtemp.,20.0000
027660 A,Kal. Thermo-Hygrometer,20.0000
027670 A,Akkr. Kal. Temp.-Messgerät Raumtemp.,20.0000
027700 100,Kal. Waage,40.0000
027700 150,Kal. Waage,40.0000
027700 50,Kal. Waage bis 50 kg,22.6000
027710 50,Akkr. Kal. Waagen bis 50 Kg,45.0000
027730 F,Kal. Federwaage,10.0000
027900 D,Kal. Drehzahlmesser,15.0000
027910 D,Akkr. Kal. Drehzahlmesser,20.0000
028060 100,Kal. Endmaß DIN861 Option 3,5.0000
028060 150,Kal. Endmaß DIN861 Option 3,15.0000
028060 200,Kal. Endmaß DIN861 Option 3,15.0000
028060 400,Kal. Endmaß DIN861 Option 3,15.0000
028060 800,Kal. Endmaß DIN861 Option 3,20.0000
028140 100,Akkr. Kalibr. Stahl-Endmaß Option 3,11.0000
028140 150,Akkr. Kalibr. Stahl-Endmaß Option 3,15.0000
028150 100,Akkr. Kalibr. Keramik-Endmaß Option 3,11.0000
028150 150,Akkr. Kalibr. Endmaß >100-150 Opt. 3,15.0000
028210 SCHNABEL,Kalibrierung Messschnabel Endmasshalter,20.0000
028240 20,Kal. Prüfstift Option 1,3.0000
028260 20,Akkr. Kalibrierung Prüfstift Option 1,3.0000
028300 20,Kal. Grenzlehrdorn Option 4,6.0000
028300 200,Kal. Grenzlehrdorn Option 4,18.0000
028300 60,Kal. Grenzlehrdorn Option 4,7.0000
028340 200,Akkr. Kalibr. Grenzlehrdorn Opt.4,12.0000
028340 60,Akkr. Kalibr. Grenzlehrdorn Opt.4,8.0000
028400 100,Kalibrierung Einstellring (Option 4),7.0000
028400 2,Werks-Kalibr. Einstellring Option 4,12.0000
028400 50,Kalibrierung Einstellring (Option 4),7.0000
028400 500,Kalibrierung Einstellring (Option 4),15.0000
028470 200,Akkr. Kalibrierung Einstellring Opt.4,9.0000
028470 50,Akkr. Kalibrierung Einstellring Opt.4,8.0000
028500 100,Kal. Gut/Aussch.Gewindelehrdorn,8.0000
028500 300,Kal. Gut/Aussch.Gewindelehrdorn,15.0000
028500 60,Kal. Gut/Aussch.Gewindelehrdorn,5.0000
028540 90,Akkr. Kalibr. Gut- / Aussch.Gew.lehrdorn,7.0000
028550 20,Kal. Gewinde-Grenzlehrdorn VDI,5.0000
028550 200,Werks-Kalibr. Gew.grenzlehrdorn Opt.1,20.0000
028550 3,Kal. Gewinde-Grenzlehrdorn VDI,6.0000
028550 60,Kal. Gewinde-Grenzlehrdorn VDI,6.0000
028590 90,Akkr. Kalibrierung Gewindegrenzlehrdorn,8.0000
028600 100,Werks-Kalibr. Gewindelehrring Option 1,11.0000
028600 20,Kal. Gewinde-Lehrring VDI,7.0000
028600 200,Werks-Kalibr. Gewindelehrring Option 1,15.0000
028600 3,Kal. Gewinde-Lehrring VDI,5.0000
028600 60,Kal. Gewinde-Lehrring VDI,9.0000
028640 100,Akkr. Kalibrierung Gewinde-Lehrring,12.0000
028650 60,Kalibr. Gewindelehrdorn m. Tiefenmessg.,8.0000
028680 E,Kal. Einstellmeister,10.0000
028700 200,Kal. Grenzrachenlehre DIN 7163,18.0000
028700 50,Kal. Grenzrachenlehre DIN 7163,7.0000
028710 160,Akkr. Kalibrierung Grenzrachenlehre,15.0000
028710 5-100,Akkr. Kalibrierung Grenzrachenlehre,10.0000
028730 RL,Kal. einstellbare Rachenlehre,12.0000
028820 100,Kalibrierung Kegelgewinde-Grenzlehrd NPT,15.0000
028830 90,Akkr. Kal. keg. Grenzlehrd.-R 4-3Bl.4.8,16.0000
028840 60,Kalibrierung Kegelgewinde- Lehrring NPT,14.0000
028850 100,Akkr. Kal. keg. Gew.lehrr.-R 4-3Bl.4.9,16.0000
028900 GMD,Kalibrierung Gewindemeßdraht,10.0000
028910 GMD,Akkr. Kalibrierung Gewindemeßdraht Opt.1,10.0000
028920 60,Kalibrierung Planglas,25.0000
028940 1,Werks-Kalibr. Radienlehre,2.5000
028940 30,Kalibrierung Radienlehre,75.0000
028940 32,Kalibrierung Radienlehre,80.0000
028940 34,Kalibrierung Radienlehre,85.0000
028940 52,Werks-Kalibr. Radienlehre,104.0000
028960 200,Werks-Kalibr. Fühlerlehre max. 200 mm,5.0000
028980 SN,Kalibr. Schweissnahtlehre m. Schieber,7.5000
029000 H,Kalibrierung Härteprüfgerät Shore A+D,30.0000
029010 H,Akkr. Kalibr. Härteprüfgerät Shore A+D,30.0000
029100 U,Kalibrierung Stoppuhr,8.0000
029120 S,Kalibrierung Schallpegelmessgerät,10.0000
029150 S,Kalibr. Schichtdickenmeßgerät,20.5000
029160 6,Kal. Kalibrierfolien (pro Satz 6 Folien),24.0000
029200 R,Kalibr. Rauheitsmessgerät,60.0000
029220 R,Kalibrierung Raunormal,18.0000
029230 R,Kalibr. Rauheitsmessg. inkl. Raunormale,78.0000
9016050,Kalibrierung Messschieber,45.0000
9016052,Kalibrierung Messschieber,45.0000
9016100,Kalibrierung Messschrauben,60.0000
9016150,Kalibrierung Messuhren,30.0000
9016200,Bauteilmessung (ohne 3-KMG),30.0000
9016250,Kalibrierung Lineale,30.0000
9016300,Kalibrierung Neigungsmessgeräte,60.0000
9016350,Kalibrierung Rollbandmaße/Stahlmaßstäbe,30.0000
9016400,Kalibrierung Gewindelehren,45.0000
9016402,Kalibrierung Gewindelehren,60.0000
9016450,Kalibrierung Glatte-Lehren,30.0000
9016452,Kalibrierung Glatte-Lehren,45.0000
9016500,Kalibrierung Endmaße,20.0000
9016502,Kalibrierung Endmaße,20.0000
9016550,Kalibrierung Drehmomente,30.0000
9016600,Drehmomentreparaturen,30.0000
9016750,Bauteilmessung,30.0000
9016750 L,Lohnmessung Leitz,30.0000
9016750 S,Lohnmessung Schneider,30.0000
9016752,Lohnmessung,30.0000
9016950,Kalibrierung elektrische Messgrößen,60.0000
9017000,Kalibrierung Manometer,60.0000
9017050,Kalibrierung Temperatur,45.0000
9017052,Kalibrierung Temperatur,30.0000
9017350,Kalibrierung Gewichte/Waagen,45.0000
9017400,Kalibrierung Härteprüfgerät,60.0000
9017402,Kalibrierung Härteprüfgerät,60.0000
9020100 A,Werks-Kalibr. Endmaß,15.0000
9020100 B,Werks-Kalibr. Endmaß,30.0000
9020100 C,Werks-Kalibr. Endmaß,45.0000
9020100 D,Werks-Kalibr. Endmaß,60.0000
9020200 B,Werks-Kalibr. Drehmoment,30.0000
9020200 D,Werks-Kalibr. Drehmoment,60.0000
9020200 F,Werks-Kalibr. Drehmoment,90.0000
9020200 H,Werks-Kalibr. Drehmoment,120.0000
9020200 I,Werks-Kalibr. Drehmoment,150.0000
9020200 J,Werks-Kalibr. Drehmoment,180.0000
9020300 A,Werks-Kalibr. Skalen,15.0000
9020300 B,Werks-Kalibr. Skalen,30.0000
9020300 C,Werks-Kalibr. Skalen,45.0000
9020300 D,Werks-Kalibr. Skalen,60.0000
9020300 E,Werks-Kalibr. Skalen,75.0000
9020300 F,Werks-Kalibr. Skalen,90.0000
9020300 G,Werks-Kalibr. Skalen,105.0000
9020300 H,Werks-Kalibr. Skalen,120.0000
9020400 A,Bauteilmessung mit KMG,15.0000
9020400 B,Bauteilmessung mit KMG,30.0000
9020400 C,Bauteilmessung mit KMG,45.0000
9020400 D,Bauteilmessung mit KMG,60.0000
9020400 E,Bauteilmessung mit KMG,75.0000
9020400 F,Bauteilmessung mit KMG,90.0000
9020400 G,Bauteilmessung mit KMG,105.0000
9020400 H,Bauteilmessung mit KMG,120.0000
9020400 I,Bauteilmessung mit KMG,150.0000
9020400 J,Bauteilmessung mit KMG,180.0000
9020400 K,Bauteilmessung mit KMG,210.0000
9020400 L,Bauteilmessung mit KMG,240.0000
9020400 M,Bauteilmessung mit KMG,300.0000
9020400 N,Bauteilmessung mit KMG,360.0000
9020400 O,Bauteilmessung mit KMG,420.0000
9020400 P,Bauteilmessung mit KMG,480.0000
9020500 A,Werks-Kalibr. Messschrauben,15.0000
9020500 B,Werks-Kalibr. Messschrauben,30.0000
9020500 C,Werks-Kalibr. Messschrauben,45.0000
9020500 D,Werks-Kalibr. Messschrauben,60.0000
9020500 F,Werks-Kalibr. Messschrauben,90.0000
9020500 H,Werks-Kalibr. Messschrauben,120.0000
9020500 I,Werks-Kalibr. Messschrauben,150.0000
9020600 A,Werks-Kalibr. Messschieber,15.0000
9020600 B,Werks-Kalibr. Messschieber,30.0000
9020600 C,Werks-Kalibr. Messschieber,45.0000
9020600 D,Werks-Kalibr. Messschieber,60.0000
9020600 E,Werks-Kalibr. Messschieber,75.0000
9020600 F,Werks-Kalibr. Messschieber,90.0000
9020600 G,Werks-Kalibr. Messschieber,105.0000
9020600 H,Werks-Kalibr. Messschieber,120.0000
9020600 I,Werks-Kalibr. Messschieber,150.0000
9020600 J,Werks-Kalibr. Messschieber,180.0000
9020700 A,Werks-Kalibr. Lehren,15.0000
9020700 B,Werks-Kalibr. Lehren,30.0000
9020700 C,Werks-Kalibr. Lehren,45.0000
9020700 D,Werks-Kalibr. Lehren,60.0000
9020700 E,Werks-Kalibr. Lehren,75.0000
9020700 F,Werks-Kalibr. Lehren,90.0000
9020700 G,Werks-Kalibr. Lehren,105.0000
9020700 H,Werks-Kalibr. Lehren,120.0000
9020700 I,Werks-Kalibr. Lehren,150.0000
9020800 B,Werks-Kalibr. Temperatur,30.0000
9020800 C,Werks-Kalibr. Temperatur,45.0000
9020800 D,Werks-Kalibr. Temperatur,60.0000
9020800 F,Werks-Kalibr. Temperatur,90.0000
9020800 H,Werks-Kalibr. Temperatur,120.0000
9020800 J,Werks-Kalibr. Temperatur,180.0000
9020900 A,Werks-Kalibr. elektr. Messmittel,15.0000
9020900 AKTION,Werks-Kalibr. elektr. Messmittel AKTION,60.0000
9020900 B,Werks-Kalibr. elektr. Messmittel,30.0000
9020900 C,Werks-Kalibr. elektr. Messmittel,45.0000
9020900 D,Werks-Kalibr. elektr. Messmittel,60.0000
9020900 E,Werks-Kalibr. elektr. Messmittel,75.0000
9020900 F,Werks-Kalibr. elektr. Messmittel,90.0000
9020900 G,Werks-Kalibr. elektr. Messmittel,105.0000
9020900 H,Werks-Kalibr. elektr. Messmittel,120.0000
9020900 I,Werks-Kalibr. elektr. Messmittel,150.0000
9020900 J,Werks-Kalibr. elektr. Messmittel,180.0000
9021100 A,Werks-Kalibr. Lehren mit KMG,15.0000
9021100 B,Werks-Kalibr. Lehren mit KMG,30.0000
9021100 C,Werks-Kalibr. Lehren mit KMG,45.0000
9021100 D,Werks-Kalibr. Lehren mit KMG,60.0000
9021100 E,Werks-Kalibr. Lehren mit KMG,75.0000
9021100 F,Werks-Kalibr. Lehren mit KMG,90.0000
9021100 G,Werks-Kalibr. Lehren mit KMG,105.0000
9021100 H,Werks-Kalibr. Lehren mit KMG,120.0000
9021100 I,Werks-Kalibr. Lehren mit KMG,150.0000
9021100 J,Werks-Kalibr. Lehren mit KMG,180.0000
9021100 K,Werks-Kalibr. Lehren mit KMG,210.0000
9021100 L,Werks-Kalibr. Lehren mit KMG,240.0000
9021100 M,Werks-Kalibr. Lehren mit KMG,300.0000
9021100 R,Werks-Kalibr. Lehren mit KMG,600.0000
9021200 B,Werks-Kalibr. Druckmessgerät,30.0000
9021200 C,Werks-Kalibr. Druckmessgerät,45.0000
9021200 D,Werks-Kalibr. Druckmessgerät,60.0000
9026450,Kalibrierung Rachenlehren,30.0000
9090001,1 Dienstleistung in Klärung,5.0000
9090002,2 Dienstleistung in Klärung,5.0000
9090003,3 Dienstleistung in Klärung,5.0000
9090004,4 Dienstleistung in Klärung,5.0000
9090005,5 Dienstleistung in Klärung,5.0000
9090006,6 Dienstleistung in Klärung,5.0000
9090007,7 Dienstleistung in Klärung,5.0000
9090008,8 Dienstleistung in Klärung,5.0000
9090009,9 Dienstleistung in Klärung,5.0000
9090011,11 Dienstleistung in Klärung,5.0000
9090014,4B Dienstleistung in Klärung,5.0000
9090019,912 Dienstleistung in Klärung,5.0000
9090029,914 Dienstleistung in Klärung,5.0000
9120100 B,Akkr.Kal.(DAkkS) Endmaß,30.0000
9120100 C,Akkr.Kal.(DAkkS) Endmaß,45.0000
9120100 D,Akkr.Kal.(DAkkS) Endmaß,60.0000
9120200 M,Akkr.Kal.(DAkkS) Drehmoment,300.0000
9120300 C,Akkr.Kal.(DAkkS) Skalen,45.0000
9120500 C,Akkr.Kal.(DAkkS) Messschrauben,45.0000
9120500 D,Akkr.Kal.(DAkkS) Messschrauben,60.0000
9120500 I,Akkr.Kal.(DAkkS) Messschrauben,150.0000
9120600 A,Akkr.Kal.(DAkkS) Messschieber,15.0000
9120600 C,Akkr.Kal.(DAkkS) Messschieber,45.0000
9120600 D,Akkr.Kal.(DAkkS) Messschieber,60.0000
9120600 E,Akkr.Kal.(DAkkS) Messschieber,75.0000
9120700 B,Akkr.Kal.(DAkkS) Lehren,30.0000
9120700 C,Akkr.Kal.(DAkkS) Lehren,45.0000
9120700 D,Akkr.Kal.(DAkkS) Lehren,60.0000
9120700 E,Akkr.Kal.(DAkkS) Lehren,75.0000
9120700 F,Akkr.Kal.(DAkkS) Lehren,90.0000
9120700 G,Akkr.Kal.(DAkkS) Lehren,105.0000
9120700 H,Akkr.Kal.(DAkkS) Lehren,120.0000
9120700 I,Akkr.Kal.(DAkkS) Lehren,150.0000
9120700 L,Akkr.Kal.(DAkkS) Lehren,240.0000
9120900 A,Akkr.Kal.(DAkkS) elektr. Messmittel,15.0000
9120900 B,Akkr.Kal.(DAkkS) elektr. Messmittel,30.0000
9120900 C,Akkr.Kal.(DAkkS) elektr. Messmittel,45.0000
9120900 D,Akkr.Kal.(DAkkS) elektr. Messmittel,60.0000
9120900 E,Akkr.Kal.(DAkkS) elektr. Messmittel,75.0000
9120900 F,Akkr.Kal.(DAkkS) elektr. Messmittel,90.0000
9120900 G,Akkr.Kal.(DAkkS) elektr. Messmittel,105.0000
9120900 H,Akkr.Kal.(DAkkS) elektr. Messmittel,120.0000
9120900 I,Akkr.Kal.(DAkkS) elektr. Messmittel,150.0000
9120900 J,Akkr.Kal.(DAkkS) elektr. Messmittel,180.0000
9121100 B,Akkr.Kal.(DAkkS) Lehren mit KMG,30.0000
9121100 C,Akkr.Kal.(DAkkS) Lehren mit KMG,45.0000
9121100 D,Akkr.Kal.(DAkkS) Lehren mit KMG,60.0000
9121100 E,Akkr.Kal.(DAkkS) Lehren mit KMG,75.0000
